Title,Date,CP
"U.S. Stocks Higher After Economic Data, Monsanto Outlook",2008-01-03,1447.16
Head And Shoulders Top Bodes Ill For Bulls,2008-01-09,1409.13
U.S. Stocks Cut Losses In The Wake Of AIG Disclosure,2008-02-11,1339.13
U.S. Stocks Rally On Upbeat Intel View,2008-04-16,1364.71
U.S. Stocks Trade Broadly Lower Amid Oil-price Jitters,2008-05-07,1392.57
"U.S. Stocks Struggle As Financials Weigh, Offsetting Oil Drop",2008-06-09,1361.76
U.S. Stocks Slump; Dow Poised To Close Well Below 12000,2008-06-20,1317.93
Strong foundation: Face to face with David Lippman,2008-08-04,1249.01
U.S. Stocks Snap Back Amid Hopes Of AIG Rescue,2008-09-16,1213.6
Chart of the day: Retail Sales – Credit Writedowns,2008-10-15,907.84
The Crash of 2008,2008-10-17,940.55
Millipore Expands NovAseptic® Valve Product Offering With New 3-Inch Diaphragms,2008-11-03,966.3
Opinion | The Campaign Autopsy - The Washington Post,2008-11-07,930.99
U.S. Stocks Down As Citibank Plans 50000 Job Cuts,2008-11-17,850.75
S&P500 Dividend Yield vs 10 Year Treasury - The Big Picture,2008-11-26,887.68
Feds Charge: The $50 BILLION Scam: One Man's Amazing Crime,2008-12-11,873.59
STOCKS NEWS US-Symantec option volume swells. calls active,2008-12-24,868.15
Sign of market bottom? A star manager is fired.,2009-04-17,869.6
"CNNMoney.com Market Report - Aug. 31, 2009",2009-08-31,1020.62
"CNNMoney.com Market Report - Sep. 30, 2009",2009-09-30,1057.08
Clear the Mechanism,2009-12-16,1109.18
Good U.S. news help TSX close up 73 points,2009-12-22,1118.02
The Financial Scene: Cortland and Associates,2010-01-28,1084.53
TSX drops as U.S. consumer confidence tumbles,2010-02-23,1094.6
"'American Idol' Season 9, Top 11 Perform; Miley Cyrus Mentors: TV Recap",2010-03-24,1167.72
Jobs data pushes Wall St higher,2010-04-05,1187.44
Apple And My Cognitive Dissonance,2010-04-12,1196.48
Bad Business Investments Costing Jay-Z Millions?,2010-05-17,1136.94
Schwab's Sonders Keeps An Eye On Dumb Money,2010-06-07,1050.47
Cat unveils updated Vision 2020 strategy,2010-06-08,1062.0
Stock Market Timing Correlation Against Currencies,2010-06-14,1089.63
Managing Retirement Income: Part VI,2010-06-15,1115.23
Chart Presentation: 2-Year Lag,2010-07-06,1028.06
Lazy Portfolios' Happy Birthday 10-year win streak,2010-07-13,1095.34
Lookback: The Which way,2010-07-13,1095.34
Tony Hayward Out at BP; Don't Be Surprised If They Pick a Woman to Replace Him,2010-07-26,1115.01
Some Thoughts on the S&P 500 and the U.S. Dollar Index,2010-08-10,1121.06
Amundi ETF Expands Offering In Germany,2010-09-15,1125.07
"CNNMoney.com Market Report - Sep. 21, 2010",2010-09-21,1139.78
"CNNMoney.com Market Report - Sep. 30, 2010",2010-09-30,1141.2
The 25 Most Underpaid CEOs,2010-10-14,1173.81
Is VIX Pointing to a Market Correction?,2010-10-14,1173.81
"Off-Balance Sheet Debt: Bad Enough That FASB Notices, Maybe You Should Too?",2010-11-08,1223.25
CHART OF THE DAY: An Update On The S&P 500 Priced In Gold,2010-11-10,1218.71
India: Land of Hope and Growth - MINING.COM,2010-11-29,1187.76
Check Out The 13 Best Performing S&P Stocks Of 2010,2010-12-14,1241.59
Top Performing Stocks of 2010,2010-12-31,1257.64
S&P 500 PE Ratios Well Above Mean and Median Long-Term Averages; What's Next?,2011-01-04,1270.2
"Stock market predictions for 2011 - Jan. 4, 2011",2011-01-04,1270.2
Starbucks' New Look Is A Global Growth Play,2011-01-14,1293.24
Stocks Tumble -- What Does It Mean?,2011-01-28,1276.34
Dillons to add cash-related financial services,2011-01-28,1276.34
SI Swimsuit Issue - Does the Market Prefer Blondes?,2011-02-15,1328.01
Brazil Shooter Recorded Grim Video,2011-04-15,1319.68
Chipotle to Join the S&P 500 - WSJ,2011-04-21,1337.38
Cocktail Science: Making Drinks at Aviary - WSJ,2011-04-26,1347.24
Flogging Molly: Songs from Detroit via Dublin,2011-05-27,1331.1
Mets' Turner Named NL Rookie of Month,2011-06-03,1300.16
Lupin Acquires Rights For Australia's Goanna Brand,2011-06-15,1265.42
Religare Capital to Buy Brokerages in Africa,2011-06-24,1268.45
Trial Divides Kin of Amanullah Zazi - WSJ,2011-07-19,1326.73
Mexico Widens Police Corruption Probe - WSJ,2011-07-21,1343.8
"Wyoming Ranch Asks $175 Million, Believed to Be Highest for U.S. Ranch | Private Properties",2011-07-22,1345.02
"Market Report - Jul. 29, 2011 - CNNMoney",2011-07-29,1292.28
House of the Day: A Private Pool in a Hong Kong High Rise,2011-07-29,1292.28
Nonfinancial ETF Beats the S&P 500,2011-08-01,1286.94
"Market Report - Aug. 4, 2011 - CNNMoney",2011-08-04,1200.07
TSX jump as bargain hunters move in,2011-08-11,1172.64
Bill Miller's Inglorious Demise: Your Complete Guide,2011-08-12,1178.81
What’s up with that Google orange?,2011-09-16,1216.01
"Apple to kill iPod classic, shuffle?",2011-09-28,1151.06
Kindle Touch’s secret weapon: Lasers,2011-09-29,1160.4
"Market Report - Oct. 3, 2011 - CNNMoney",2011-10-03,1099.23
"At S&P, Adelson Is a Crusader for Tough Ratings",2011-10-05,1144.03
UK unemployment highest in 17 years,2011-10-12,1207.25
Leaked internal rant highlights Google Plus struggles,2011-10-13,1203.66
Review: Beautiful ‘Rage’ disappoints with lackluster ending,2011-10-25,1229.05
"Market Report - Nov. 22, 2011 - CNNMoney",2011-11-22,1188.04
"Investors, You May Be Better Off In An Index Fund With Hedge Fund Returns Correlating Almost Perfectly With The Markets",2011-11-22,1188.04
"Market Report - Nov. 28, 2011 - CNNMoney",2011-11-28,1192.55
The dos and don’ts of Googling people,2011-12-07,1261.01
Spotify founder: I’m not music industry’s savior,2011-12-08,1234.35
The covert birth of Apple’s next Santa Monica store,2011-12-09,1255.19
S&P's Chief Investment Strategist Sam Stovall Forecasts The S&P 500 At 1400,2011-12-12,1236.47
5 mutual fund all-stars - One thing in common (1) - CNNMoney,2011-12-15,1215.75
4 Charts That Show What That 366K Initial Claims Number Really Means,2011-12-16,1219.66
"Visa, MasterCard, T.J. Maxx: The top stocks of 2011.",2011-12-28,1249.64
"Market Report - Dec. 30, 2011 - CNNMoney",2011-12-30,1257.6
Chavez says he won’t respect World Bank panel’s decision,2012-01-09,1280.7
Solar lamps replace toxic kerosene in poorest countries,2012-01-10,1292.08
CHART OF THE DAY: This Worrying Demographic Trend Is Bad News For Consumer Spending,2012-01-12,1295.5
Using political satire to spice up chicken sales,2012-01-12,1295.5
Historical Bond Yields vs. S&P 500 Dividend Yield — My Money Blog,2012-01-18,1308.04
Why Wikipedia went down at midnight,2012-01-18,1308.04
"U.S. government, military to get secure Android phones",2012-02-03,1344.9
Brazil sues Twitter over roadblock warning posts,2012-02-07,1347.05
Private jet makers look to Asia for growth,2012-02-14,1350.5
"Thanks To Sports Illustrated And Kate Upton, The Economy Will Be Strong In 2012",2012-02-14,1350.5
"‘Kingdoms of Amalur: Reckoning’ is a deep, rich experience",2012-02-14,1350.5
"Apple's market clout shaking S&P 500, making a run at $500B market cap",2012-02-15,1343.23
"Apple market value hits $500B, where few have gone",2012-02-29,1365.68
Mapping out a new era in brain research,2012-03-01,1374.09
"Dow snaps three week streak - Mar. 2, 2012",2012-03-02,1369.63
India and Boeing spar over delay compensation,2012-03-14,1394.28
15 Newly Rated ETFs Underperform,2012-03-15,1402.6
‘Angry Birds Space’ now available for download,2012-03-22,1392.78
Gold loses shine in face of U.S. recovery,2012-03-23,1397.11
Super telescope will search for secrets of the universe,2012-03-26,1416.51
America's Highest-Paid CMOs,2012-03-27,1412.52
"For Some Stock Traders, Fortunes Written In The Stars",2012-04-04,1398.96
"Stocks: Worst week of the year, S&P 500 sinks 2%",2012-04-13,1370.26
Charts: Nifty in 2012 Versus Other Country Indexes » Capitalmind - Better Investing,2012-04-27,1403.36
Google gets license to operate driverless cars in Nevada,2012-05-08,1363.72
Stocks rise after surprise Fed cut,2012-05-14,1338.35
Are US stocks set for a down year?,2012-05-16,1324.8
Why 18.5 Is The Right P/E Ratio For The S&P 500 | investing.com,2012-05-29,1332.42
Stocks for the Long Run: Boeing vs. the S&P 500,2012-05-31,1310.33
Viral Web’s ‘Mr. Trololo’ dies at 77,2012-06-04,1278.18
Stocks for the Long Run: Danaher vs. the S&P 500,2012-06-13,1314.88
Another rip-off: Leveraged and inverse ETFs,2012-06-14,1329.1
Stocks for the Long Run: Union Pacific vs. the S&P 500,2012-06-15,1342.84
Survey: 70% of teens hide online behavior from parents,2012-06-25,1313.72
What’s wrong with Google’s Larry Page?,2012-06-26,1319.99
Seagate Added To S&P 500 Stock Index; Shrs Rally,2012-06-26,1319.99
5 ways the iPhone changed our lives,2012-06-28,1329.04
"Stocks surge, led by JPMorgan Chase - Jul. 13, 2012",2012-07-13,1356.78
CEO gives part of his bonus to employees,2012-07-19,1376.51
Why Asians want to move to the U.S.,2012-07-19,1376.51
Jay-Z makes mark on ‘NBA 2K13’ as executive producer,2012-08-01,1375.32
Team Nigeria gears up for motorsports debut,2012-08-02,1365.0
I Kissed a Girl (But Not at Chick-fil-A),2012-08-03,1390.99
The Hurdles to Replicating VIX,2012-08-03,1390.99
Photobucket breach floods Web with racy images,2012-08-09,1402.8
"Stocks: Investors move to the sidelines - Aug. 9, 2012",2012-08-09,1402.8
Pinterest releases new iPad and Android apps,2012-08-15,1405.53
Tech companies make progress on ‘blood phones’ and ‘conflict minerals’,2012-08-16,1415.51
An Ugly Fall for Stocks?,2012-09-04,1404.94
Nintendo’s Wii U coming in November,2012-09-13,1459.99
China’s weird and wildly popular world of workplace novels,2012-09-14,1465.77
"Apparently This Matters: Obie, the obese dog",2012-09-21,1460.15
"Hello fall, hello spring",2012-09-24,1456.89
Self-driving cars now legal in California,2012-09-25,1441.59
Stocks for the Long Run: Energen vs. the S&P 500,2012-10-03,1450.99
Stocks for the Long Run: International Paper vs. the S&P 500,2012-10-04,1461.4
Google doodle celebrates ‘Little Nemo’ comic,2012-10-15,1440.13
How Much Credit Does Obama Deserve for the Stock Market Recovery?,2012-10-22,1433.82
Forecasting the S&P 500 from GDP Data and What It's Telling Us Now,2012-10-31,1412.16
Obama photo a social-media sensation,2012-11-07,1394.53
Why console gaming is dying,2012-11-09,1379.85
Honda’s pitch: She’s pretty in pink,2012-11-27,1398.94
Stocks for the Long Run: GATX vs. the S&P 500,2012-12-11,1427.84
White Britons no longer a majority in London,2012-12-12,1428.48
Facebook to overhaul its privacy controls,2012-12-12,1428.48
S&P 500 hits 2-month high,2012-12-18,1446.79
S&P 500 Valuation | investing.com,2012-12-18,1446.79
JP Morgan's Tom Lee 2012 S&P 500 Call,2012-12-21,1430.15
Best stocks of 2012: Which S&P 500 companies saw the biggest growth.,2012-12-27,1418.1
The top 12 tech stories of 2012,2012-12-27,1418.1
Doug Kass Bearish S&P 500 Call,2013-01-09,1461.02
Prosecutor defends case against Aaron Swartz,2013-01-18,1485.98
Stock Market January Effect Since 1928,2013-02-06,1512.12
David Woo On The Divergence Between the S&P And Consumer Spending,2013-02-07,1509.39
Dow and S&P 500 post worst day of 2013,2013-02-25,1487.85
"San Francisco turns a bridge into art with 25,000 lights",2013-03-06,1541.46
Guggenheim Exits Leveraged and Inverse ETF Business,2013-03-12,1552.48
"Acme Packet Moves Up In Market Cap Rank, Passing Apollo Group",2013-03-26,1563.77
CHART OF THE DAY: The S&P 500 Is Nowhere Near Its All-Time High... Priced In Gold,2013-03-28,1569.19
Strong day for Wall Street as S&P 500 and Dow close at record highs,2013-04-02,1570.25
Chapter 3: Background on Changes in Major Asset Prices from 2009 to 2011,2013-04-23,1578.78
High speed trading fueled Twitter flash crash,2013-04-24,1578.79
Forget your gadgets at ‘digital detox’ camp,2013-05-01,1582.7
Five reasons we love Angelina Jolie,2013-05-16,1650.47
Robot exoskeleton suits that could make us superhuman,2013-05-22,1655.35
How two music lovers blocked out Spain’s crisis,2013-05-24,1649.6
NJ prisoners received more than $23 million in benefits,2013-05-29,1648.36
Cozy Corporate Directors Raise Their Pay to $1000 an Hour,2013-05-30,1654.41
Vine gets ‘Rickrolled’ by 16-year-old,2013-06-04,1631.38
S&P 500 Maximum Drawdowns Since 2010,2013-06-21,1592.43
Raspberry Pi robot will make you coffee,2013-07-05,1631.89
Number of the Week: 'Non-Traditional' Students Are Majority on College Campuses,2013-07-08,1640.46
"Regeneron Pharmaceuticals Moves Up In Market Cap Rank, Passing Williams",2013-07-10,1652.62
Q&A on the future of gold prices and the Canadian dollar,2013-07-10,1652.62
Stocks Decline on Earnings; Coca-Cola Drops,2013-07-16,1676.26
"Dow, S&P 500 at record highs, up 19% in 2013",2013-07-18,1689.37
Review: Leap Motion controller is promising but glitchy,2013-07-22,1695.53
"Stocks end slightly higher, S&P 500 sets record",2013-07-22,1695.53
Google unveils upgraded Nexus 7 tablet,2013-07-24,1685.94
"Open-source airplane could cost just $15,000",2013-07-29,1685.33
15 Popular S&P 500 Valuation Metrics,2013-08-09,1691.42
Hyperloop vs. world’s fastest trains,2013-08-12,1689.47
George Soros Bought Puts On The S&P 500,2013-08-15,1661.32
10 most controversial violent video games,2013-08-26,1656.78
Stocks often rebound after missiles are launched,2013-08-28,1634.96
‘Africa’s father of the internet:’ Web pioneer on bringing a continent online,2013-09-04,1653.08
The Virtue of Daily Rebalancing,2013-09-05,1655.08
Wal-Mart Plans 500 U.S. 'Neighborhood Market' Stores,2013-09-11,1689.13
One man’s trash … the jewelry made from boiled bones,2013-09-11,1689.13
"This Day in Crisis History: Sept. 15-16, 2008 - WSJ",2013-09-16,1697.6
Longtime Nintendo president dies,2013-09-19,1722.34
China to shame worst-polluting cities over and over,2013-09-19,1722.34
iShares axes 15 funds and cuts fees | Analysis | Futures & Options World,2013-09-23,1701.84
"MORGAN STANLEY: Contrarians Should 'Sell Stocks Till Your Hands Bleed, And Then Sell Some More'",2013-09-23,1701.84
CBOE adds short-term version of Vix to volatility suite,2013-10-02,1693.87
Regression To Trend: Perspective On Long-Term Market Performance,2013-10-02,1693.87
Fast-food giants want pizza the action in Africa,2013-10-04,1690.5
"Taiwan's TSMC in top 100 global innovators: Reuters, Business News",2013-10-07,1676.12
Diamonds may be produced on other planets,2013-10-09,1656.4
"Lonely, young planet drifting in space without a star",2013-10-10,1692.56
Ashley Madison: Dating website makes money off infidelity in Asia,2013-10-11,1703.2
"US STOCKS-Futures edge higher, Apple to highlight earnings",2013-10-28,1762.11
Jack Dorsey: The Twitter billionaire who believes in small business,2013-10-28,1762.11
Your late fees are waived: Blockbuster closes,2013-11-07,1747.15
Facebook ‘likes’: The thumb is gone,2013-11-07,1747.15
Google’s Rorschach test: What you see,2013-11-08,1770.61
Tony Elumelu: The ‘Africapitalist’ who wants to power Africa,2013-11-12,1767.69
Netflix TV gets major overhaul,2013-11-13,1782.0
Gamers line up by the thousands for PlayStation 4 launch,2013-11-15,1798.18
5 reasons underdogs win in the workplace,2013-11-25,1802.48
US STOCKS-Nasdaq climbs as tech shares rally after HP results,2013-11-27,1807.23
The S&P 500 Vs. the CPI Crossing Wall Street,2013-12-02,1800.9
Stunning picture of Morgan Freeman is actually iPad painting,2013-12-09,1808.37
"Take $1000, Trade Once a Day, Make $264 Billion—You Could Have Done It in 2013",2013-12-16,1786.54
Is the banking ‘boys’ club’ dead? Five female trailblazers in finance,2013-12-17,1781.0
The pioneers behind a human-powered helicopter,2013-12-17,1781.0
Before 'The Wolf': 5 Hollywood Takes on Wall Street,2013-12-23,1827.99
Dear Santa: How many letters do you get every year?,2013-12-23,1827.99
A weak start to 2014 continues for stock market,2014-01-06,1826.77
Could ‘micro-homes’ offer housing solution?,2014-01-06,1826.77
The Hottest Wall Street Movies Seem To Hit Theaters Right Around The Time Of A Big Stock Market Crash,2014-01-17,1838.7
Apparently This Matters: Fine dining isn’t for kids,2014-01-17,1838.7
Wall Street Movies And Market Crashes,2014-01-17,1838.7
Climbing inside Aouda.X: The spacesuit made to walk on Mars,2014-01-30,1794.19
US stocks sink more than 2% on bad manufacturing data,2014-02-03,1741.89
McDonald’s breakthrough: Weird places to find the golden arches,2014-02-11,1819.75
The orphan who became a billionaire Russian ‘Tsarina’,2014-02-18,1840.76
Google: How not to be a ‘Glasshole’,2014-02-19,1828.75
Fitbit recalls activity tracker due to skin rashes,2014-02-21,1836.25
S&P Dow Jones creates low-volatility high-dividend European index,2014-02-25,1845.12
Nasty LinkedIn rejection goes viral,2014-02-28,1859.45
"The S&P500, Dow and Nasdaq Since Their 2000 Stock Market Highs",2014-03-03,1845.73
Oscar Mayer wakes you up with bacon alarm,2014-03-06,1877.03
West prepares sanctions against Russians,2014-03-11,1867.63
Paris pollution leads to car ban,2014-03-17,1858.83
L'Wren Scott's business was in trouble,2014-03-18,1872.25
Breakdown Of S&P 500 Costs Since 1994,2014-03-18,1872.25
‘Flappy Bird’ will fly back to app stores,2014-03-19,1860.77
Asteroid with rings is the first of its kind,2014-03-26,1852.56
5 reasons technology world needs more geek girls,2014-03-26,1852.56
FRED Will No Longer Use S&P Data,2014-03-28,1857.62
Report: 15-year-olds in Asia are better problem solvers than in the U.S.,2014-04-01,1885.52
Nu Skin’s huge corporate party rolls up in Dubai,2014-04-09,1872.18
World stocks slide on weaker U.S. earnings outlook,2014-04-14,1830.61
"Artificial eyes, plastic skulls: 3-D printing the human body",2014-04-17,1864.85
A consumer’s guide to streaming TV devices,2014-04-25,1863.4
Google: Self-driving cars are mastering city streets,2014-04-28,1869.43
How To Use IBD Market Pulse To Make Money With ETFs,2014-05-08,1875.63
The Great Hedge-Fund Mystery: Why Do They Make So Much?,2014-05-12,1896.65
How to crowdsource your wedding photos,2014-05-29,1920.03
CSRWire - The Mosaic Company Announces Greenhouse Gas Reduction Progress and Companywide Sustainability ...,2014-06-02,1924.97
One Weird Trick That Will Help You Beat the Market Like Warren,2014-06-03,1924.24
10 years to extinction: S&P 500 companies,2014-06-05,1940.46
Stock market heads higher after jobs report,2014-06-06,1949.44
Netflix shareholders split on Hastings roles,2014-06-10,1950.79
NASA physicist imagines a warp-speed starship,2014-06-12,1930.11
"Last Time Corporate America Did This, The Stock Market Crashed",2014-06-20,1962.87
John Defterios: UAE stock market a work in progress,2014-07-02,1974.62
Hiring gain sends stocks higher yet again,2014-07-02,1974.62
"Dow Jones Industrial Average hits 17,000 for first time",2014-07-03,1985.44
Apparently This Matters: Death metal without oxygen,2014-07-11,1967.57
Elon Musk promises $1 million for Tesla museum,2014-07-11,1967.57
Electronic noses sniff out disease,2014-07-16,1981.57
Chinese Art Collector Stirs Pot With Sip of Tea from $36-Million Cup,2014-07-21,1973.63
ETFs - Exchange Traded Funds,2014-07-23,1987.01
"NASA maps out geysers, finds evidence of liquid water on surface of Saturn moon",2014-07-29,1969.95
From guns to warships: Inside Europe’s arms trade with Russia,2014-07-31,1930.67
"Dow plunges 317 points, now down for year",2014-07-31,1930.67
Aerin Lauder: ‘Every woman can be beautiful’,2014-08-05,1920.21
Should you worry about the S&P 500 and Russell 2000 divergence?,2014-08-06,1920.24
Defterios: Erdogan looks to secure his place in history,2014-08-07,1909.57
"Yes, monkey stock pickers really do beat fund managers and the S&P 500",2014-08-08,1931.59
Shenan Chuang: Is this China’s $50 billion woman?,2014-08-19,1981.6
"Google's IPO, 10 Years Later: Just 10 Stocks Beat It",2014-08-19,1981.6
17 facts about Warren Buffett and his wealth that will blow your mind,2014-08-28,1996.74
Big solar storm hitting Earth,2014-09-11,1997.45
Can the Apple Watch take off as a fashion accessory?,2014-09-12,1985.54
Style Box Annualized Returns For The Past Three Years,2014-09-17,2001.57
Could this futuristic building house an entire city?,2014-09-18,2011.36
6 must-have apps for the iPhone 6,2014-09-19,2010.4
Electric unicycles: one-wheeled wonders of commuting,2014-09-30,1972.29
"Send your name into space, maybe to Mars",2014-10-08,1968.89
10 female scientists you should know: Test yourself,2014-10-14,1877.7
Jack-o’-Lantern sun is no Halloween trick,2014-10-15,1862.49
Macau trumps Vegas with $270 minimum bet,2014-10-22,1927.11
Bear Market Rallies: A Historical Perspective,2014-10-23,1950.82
Hits keep coming for Warren Buffett,2014-10-23,1950.82
Google Glass goes to work,2014-11-11,2039.68
Solar road opens in the Netherlands,2014-11-12,2038.25
Singapore’s billion dollar home of sport,2014-11-13,2039.33
The Four Best Investment Newsletters for Funds,2014-11-17,2041.32
Underground cities: the future of business,2014-11-18,2051.8
The home security device that’s always listening,2014-11-20,2052.75
Africa’s mobile money makes its way to Europe,2014-11-20,2052.75
‘Planet of the Apes’ comes alive with motion capture,2014-11-28,2067.56
Wall Street Strategist Channels Britney Spears To Express How He Feels About The Stock Market,2014-12-02,2066.55
"Tag your workforce, transform your business?",2014-12-03,2074.33
Sony Stock Price Hit by Hacking Problems But Worst May Be to Come,2014-12-16,1972.74
A Fund That Trounces the S&P 500 - WSJ,2014-12-23,2082.17
Here are 200 years of stock market performance charted as a Christmas tree,2014-12-23,2082.17
History of Family Dollar in images,2015-01-13,2023.03
@ISSUE: How high can stocks go?,2015-01-16,2019.42
S&P's Former Commercial Mortgage Chief Sues SEC,2015-01-16,2019.42
AK-47s: Soon to be made in USA,2015-01-20,2022.55
This Forgotten Cigarette Stock Could Give You a 12% Return This Year,2015-01-23,2051.82
A coffee cup to let astronauts sip espresso in space,2015-01-28,2002.16
STOCKS FALL AFTER GREAT JOBS REPORT: Here's what you need to know,2015-02-06,2055.47
Will Puerto Rican Powerball winner pay U.S. taxes?,2015-02-13,2096.99
The face of Under Armour’s basketball shoe: Steph Curry,2015-02-13,2096.99
A-Rod: Best paid pariah in the history of sports?,2015-02-18,2099.68
Personal trainers aren’t just for the rich,2015-02-18,2099.68
Tidbits from the Southwest Airlines annual report,2015-02-19,2097.45
"US stocks drift in midday trading, holding near record highs",2015-02-25,2113.86
Teenager brings poop power to Kenyan school,2015-02-26,2110.74
50 years of Berkshire Hathaway returns,2015-03-04,2098.53
S&P 500 can’t fight the market’s selloff forever,2015-03-09,2079.43
"Stocks strongest aspect of recovery, but inflation cuts into gains",2015-03-16,2081.19
The money behind real estate heir turned murder suspect Robert Durst,2015-03-19,2089.27
"Steve McQueen’s old motorcycle goes for $775,000",2015-03-23,2104.42
Wall Street banks have been treading water — but that may be about to change,2015-04-13,2092.43
A possible Netflix horror story in 4 charts,2015-04-16,2104.99
"Nepali earthquake survivor raises over $70,000 in disaster relief",2015-04-28,2114.76
Study: Hip-hop is more important than The Beatles,2015-05-06,2080.15
Gold Prices In 2020?,2015-05-11,2105.33
Decoding Uber's Proposed $50B Valuation (And What It Means For You),2015-05-13,2098.48
Facebook gives low-wage workers a boost,2015-05-13,2098.48
Lumber Liquidators CEO resigns,2015-05-21,2130.82
Welcome To The Worst Month For Stocks Of Past 10 Years,2015-06-02,2109.6
"El Nino is here, and investors in agricultural commodities stand to make a killing.",2015-06-02,2109.6
Stocks Vulnerable As Market Momentum Wanes,2015-06-03,2114.07
S&P 500 Analyst Moves: URI,2015-06-05,2092.83
U.S. stocks rebound ahead of Fed update,2015-06-16,2096.29
Don't fight this trend: Trader,2015-06-26,2101.49
The problem with outsider CEOs - The Washington Post,2015-07-01,2077.42
What You Need to Know About the 200-Day Moving Average,2015-07-01,2077.42
We're below the S&P 500's 200-day moving average.,2015-07-07,2081.34
Big oil companies' profit hits decade low,2015-07-31,2103.84
Panicking is a horrible investment strategy,2015-08-04,2093.32
The Central Bank Enabled 30-Year Bull Run in Stocks Is Over,2015-08-05,2099.84
3 Specialty Retail Stocks Moving The Industry Upward,2015-08-05,2099.84
Here are the S&P 500 Stocks With the Highest Exposure to China,2015-08-10,2104.18
Dow Plunges into Correction Territory: Here's How Bad Friday's Market Bloodbath Was,2015-08-21,1970.89
Historical SP 500 intra-year declines,2015-08-21,1970.89
Donald Trump's wealth: He isn't only rich because of his dad.,2015-09-03,1951.13
re: Overhead Supply,2015-09-14,1953.03
Here's an easy way to lose money quickly in the stock market,2015-09-15,1978.09
S&P 500 threatens a truly longer-term bearish shift,2015-09-22,1942.74
Goldman Sachs cuts its S&P 500 outlooks,2015-09-29,1884.09
What we're investing in: Canada's five most popular ETFs,2015-10-01,1923.82
UBS S&P 500 Target Reduced,2015-10-01,1923.82
A rally in energy stocks doesn’t lift broader market,2015-10-06,1979.92
"US stocks climb in early trading, led by energy companies",2015-10-08,2013.43
Ben Carson wants guns in class. Do teachers agree?,2015-10-08,2013.43
Here Are the 21 A+ Rated S&P 500 Stocks,2015-10-15,2023.86
Goldman S&P 500 sentiment indicator low,2015-10-21,2018.94
"Technology shares surge in early trade; Amazon, Microsoft up",2015-10-23,2075.15
Analysis: The Long Shadow of Steve Jobs,2015-10-26,2071.18
Democrats vs. Republicans: Who's better for stocks?,2015-10-28,2090.35
How to make money as a scaremonger,2015-10-29,2089.41
"Canadian dollar rises, gold price drops Thursday",2015-10-29,2089.41
"S&P 500 may be ‘overbought’, but think before you sell",2015-11-04,2102.31
Is Disney Stock Still Magical for Investors?,2015-11-18,2083.58
Top golf club revolts against new Chinese owners,2015-11-20,2089.17
US Dollar Likely to Strengthen versus Canadian Dollar,2015-11-25,2088.87
Average Performance of S&P 500 Before and After Market Peaks,2015-11-27,2090.11
Cyber Monday’s most out-of-stock items,2015-12-01,2102.63
Illinois lottery winners will finally get paid,2015-12-07,2077.07
Donald Trump makes millions in Muslim countries,2015-12-08,2063.59
The 5 stocks that are most correlated to oil,2015-12-09,2047.62
US details financial war against ISIS,2015-12-11,2012.37
There are now 145 women billionaires,2015-12-15,2043.41
how-a-student-run-investment-firm-beats-wall-street,2015-12-17,2041.89
Here's An ETF First: SPY Beating RSP,2015-12-18,2005.55
Stock market breadth near record low,2015-12-21,2021.15
China stock market outperforms S&P despite wild swings,2015-12-23,2064.29
"Global markets update, Jan. 4, 2016",2016-01-04,2012.66
"ETFs: 2 to Buy, 1 to Avoid",2016-01-05,2016.71
Nearly half of U.S. stocks are in a bear market,2016-01-08,1922.03
Martin Shkreli used $45 million E*Trade account to secure bail,2016-01-08,1922.03
Here's Why the 1925 Level on the S&P 500 (^GSPC) Is So Important,2016-01-11,1923.67
"Birkins Are A Better Investment Than Gold or Stocks, Study Says",2016-01-14,1921.84
What's Going On?,2016-01-20,1859.33
Warren Buffett's 15-minute retirement plan,2016-01-25,1877.08
Lifespan of companies shrinking to 18 years: McKinsey's Dominic Barton,2016-01-29,1940.24
Goldman Sachs Says It May Be Forced to Fundamentally Question How Capitalism Is Working,2016-02-03,1912.53
S&P ends flat as energy and materials weigh,2016-02-11,1829.08
Monopoly goes cashless in new game,2016-02-16,1895.58
This Stock Market Crash Chart Shows a Major Warning for 2016,2016-02-24,1929.8
What Do You Really Mean by Business “Transformation”?,2016-02-29,1932.23
Ex-Chesapeake CEO Aubrey McClendon dead after car crash,2016-03-03,1993.4
Stimulus hopes and higher oil prices buoy European markets,2016-03-09,1989.26
The mixed benefits of an extra hour,2016-03-10,1989.57
13 big companies keep growing like crazy,2016-03-10,1989.57
How CFOs Can Take the Long-Term View in a Short-Term Economy,2016-03-15,2015.93
"9 companies' profit is down, down, down, down",2016-03-24,2035.94
How 16 Ex-Military CEOs are Trouncing Wall Street,2016-03-28,2037.05
"CVS, Stanley Black & Decker Offer Opportunities in Dim Market",2016-03-31,2059.74
How Did General Mills' Stock React to Its Fiscal 3Q16 Results?,2016-04-05,2045.17
What are quality stocks? | Articles,2016-04-06,2066.66
Can You Expect Your Money to Double in 10 Years?,2016-04-13,2082.42
Match.com pulls ads after freckle furor,2016-04-13,2082.42
"S&P boosted by energy shares; Nasdaq, Dow flat",2016-04-26,2091.7
Are Buy-Write Funds Good Buys?,2016-04-26,2091.7
Income Inequality And The Stock Market | St. Louis Federal Reserve,2016-04-29,2065.3
Hedge Fund Managers Lose Their Swagger,2016-05-05,2050.63
Expandable habitats may take us to Mars,2016-05-05,2050.63
World’s most expensive rough diamond sells for $63 million,2016-05-09,2058.69
Wall Street mixed as Apple tumbles to two-year low,2016-05-12,2064.11
A history lesson in stock market returns,2016-05-13,2046.61
"Distribution of Lifetime Returns for Individual US Stocks, 1989-2015",2016-05-18,2047.63
Mickey Mouse artifacts from the dawn of Disney are up for auction,2016-05-24,2076.06
Technical Analysis for Investors: Applying Support and Resistance,2016-05-25,2090.54
Return On Invested Capital (ROIC): Its Role In Market Valuations,2016-05-26,2090.1
S&P 500 Wave Counts: From Bullish To Super Bearish,2016-06-02,2105.26
These companies churn out cash like crazy,2016-06-07,2112.13
Dow erases triple-digit loss as odds of Brexit seen as lessening,2016-06-16,2077.99
Mark Cuban donates $1 million to help Dallas police protect LGBT community,2016-06-16,2077.99
"Brexit sets Dow, S&P up for worst two-day drop in 10 months",2016-06-27,2000.54
Wall Street bounces back after two-day Brexit rout – EMTV Online,2016-06-29,2070.77
Macquarie Group launches S&P 500 warrants on Bursa Malaysia today,2016-06-30,2098.86
5 stocks that have doubled In 2016,2016-07-06,2099.73
"S&P 500 Companies' Piotroski F-Scores Weaken, Energy Stocks Get Hit the Worst",2016-07-07,2097.9
The Bull Market: The Dow and S&P are near their record highs,2016-07-11,2137.16
Nikkei: Equities-Oil Correlation Set to Fade?,2016-07-12,2152.14
Safeway CEO to Retire After 2 Decades at Helm,2016-07-14,2163.75
You're probably using P/E ratios incorrectly,2016-07-18,2166.89
A Cat Outperformed Pro Stock-Pickers. Here's What That Means for Investors,2016-08-01,2170.84
Is This Why Stocks Keep Moving Higher?,2016-08-09,2181.74
Vanguard's Gerry O'Reilly Offers a Rare Look Inside an Index Fund,2016-08-15,2190.15
Don't Use VIX ETFs to Bet On Volatility,2016-08-22,2182.64
Validating the S&P Composite Stock Price Index - dshort,2016-09-01,2170.86
A Bored Investor Is a Dangerous Thing,2016-09-02,2179.98
Acura NSX – 190 mph hybrid,2016-09-07,2186.16
August 31 Marked the 40th Anniversary of the Index Mutual Fund; It Began with a Single Vanguard Fund in 1976,2016-09-09,2127.81
3 Dividend Aristocrats to Buy Now and Hold Forever,2016-09-14,2125.77
A Chanel Bag Is a Better Investment Than a House,2016-09-19,2139.12
Real Estate Gets Its Seat At The S&P 500 Table,2016-09-21,2163.12
Wall Street builds on Fed-fuelled rally; Nasdaq hits new high,2016-09-23,2164.69
Vanguard PRIMECAP Fund: An Active Fund Endorsed by an Index Fund King,2016-09-29,2151.13
Women Are Less Interested Than Men in Becoming Top Bosses,2016-10-03,2161.2
America's 15 Fastest Shrinking Companies,2016-10-06,2160.77
Infographic: How Does the U.S. Stock Market Perform in Election Years?,2016-10-13,2132.55
Wells Fargo stock down more than 10% post-scandal,2016-10-14,2132.98
"Smithsonian needs $300,000 to save Dorothy’s red slippers",2016-10-18,2139.6
Decoding the ‘dog whistle’ politics of Trump and Clinton,2016-10-19,2144.29
Four Common RESP Mistakes to Avoid,2016-10-21,2141.16
"What are the super rich buying? Cars, cars, cars",2016-10-21,2141.16
"In the age of Trump, there’s a new school bully",2016-10-25,2143.16
Earnings in focus as Apple weighs; Boeing lifts Dow,2016-10-26,2139.43
"19 stocks in focus on Tuesday, 8 November 2016",2016-11-08,2139.56
Donald Trump won. Now the market freak-out begins.,2016-11-09,2163.26
US stock futures slash losses; Dow futures down less than 200 points,2016-11-09,2163.26
Interesting SPY Put And Call Options For January 2019,2016-11-14,2164.2
Venezuela's toxic economy has seeped into the filings of 13% of S&P 500 companies this year,2016-11-16,2176.94
Tide Turning For Value ETFs Vs. Growth,2016-11-21,2198.18
Signs of Overheating Appear in a Big Chunk of S&P 500's Membership,2016-11-23,2204.72
McDonald's: Perception vs. Reality (MCD),2016-12-01,2191.08
Animated Maps: Fewer Americans Participating in Surging U.S. Markets,2016-12-02,2191.95
US stocks hit new highs as investors bet on improving economy,2016-12-07,2241.35
How Having Blonde Hair is Helping a Certain Type of CEO,2016-12-08,2246.19
Reliq Health Technologies Pilots Remote Patient Monitoring Program,2016-12-14,2253.28
Bad Air As Stock Market Bear,2016-12-16,2258.07
BofA Merrill: Higher Rates Are Great News For Stocks | Stock News & Stock Market Analysis - IBD,2016-12-19,2262.53
Dividend Per Share Growth Slows for Fourth Consecutive Period,2016-12-20,2270.76
Why Leaders Are Still So Hesitant to Invest in New Business Models,2016-12-21,2265.18
Low VIX Readings & Stock Market Risk: A Historical Perspective,2016-12-21,2265.18
These Are the 7 Biggest Hedge Fund Disasters of 2016,2016-12-27,2268.88
Fortune 500: 7 Best Performing Stocks of 2016,2016-12-30,2238.83
Stocks rise but pare gains in first trading day of 2017,2017-01-03,2257.83
Maine-based IDEXX added to S&P 500 | 11alive.com,2017-01-03,2257.83
Inside The Obama Stock Market's 235% Return,2017-01-17,2267.89
Why companies die | Imperial College Business School,2017-01-18,2271.89
As Seen on TV: Financial Products You Should Avoid – Ty J. Young,2017-01-23,2265.2
BlackRock CEO Larry Fink letter to CEOs,2017-01-24,2280.07
More on our January Indicator Trifecta: 24% S&P 500 Gain in Post-Election Years,2017-02-02,2280.85
Paris to build protective glass walls at the Eiffel Tower,2017-02-09,2307.87
Northern Cement's Jordan subsidiary to invest in new Iraq-based company,2017-02-09,2307.87
Hedging the Next Explosion in High-Yield Bond Spreads,2017-02-16,2347.22
Companies that do better by their customers also do better in the stock market,2017-02-22,2362.82
Trump meets with top US manufacturers,2017-02-23,2363.81
Active fund managers rarely beat their benchmarks year after year,2017-02-27,2369.75
Warren Buffett Bet $500K That Hedge Funds Couldn’t Beat a Vanguard Index Fund,2017-02-27,2369.75
Chart o' the Day: Longest Streak in 53 Years,2017-03-01,2395.96
13 Tech Stocks with Big Promise,2017-03-07,2368.39
March Options Expiration Week Historically Bullish,2017-03-13,2373.47
Trading Options in the S&P 500,2017-03-17,2378.25
Investors see red on St. Patrick's Day,2017-03-17,2378.25
Why this 'crash' indicator isn't as scary as it sounds,2017-03-21,2344.02
Are concentrated portfolios more volatile than a diversified index?,2017-03-24,2343.98
Did Wall Street Just Buy High & Sell Low? Yup.,2017-03-27,2341.59
Is the Birkin a better investment than the stock market?,2017-03-27,2341.59
Wall Street's rock-solid quarter ends with a loss,2017-03-31,2362.72
Consumer confidence versus SP500 from BlackRock Larry Fink,2017-04-10,2357.16
"Invest Like Warren Buffett, Not Carl Icahn",2017-04-11,2353.78
Good Friday: Positive Before & Negative After,2017-04-12,2344.93
No one is noticing this big red flag for the stock market,2017-04-12,2344.93
"Stocks: Over 15 Years, Fund Managers Seldom Beat the Market",2017-04-13,2328.95
The Other Side,2017-04-19,2338.17
This indicator had a divergence in both 2000 and 2007; a divergence is also present in 2017,2017-04-26,2387.45
CSC and HP's Services division rebrand as DXC Technology,2017-04-28,2384.2
Investors: How to Avoid Value Traps,2017-05-05,2399.29
What the Best Transformational Leaders Do,2017-05-08,2399.38
Correlation watch: Gold and USD/JPY are dancing the low-volatility tango,2017-05-09,2396.92
Stock Market Trends Still Moving Lower Left To Upper Right,2017-05-16,2400.67
"Stocks get crushed, Dow falls 370",2017-05-17,2357.03
Warren Buffett and Tony Robbins agree on the best way to invest your money,2017-05-17,2357.03
Watergate And The Stock Market: A Brief Review,2017-05-23,2398.42
7%+ Yields Ahead: Your Smartest Contrarian Play for the Rest of 2017 – Contrarian Outlook,2017-05-30,2412.91
S&P's index guru shares his most important investing lesson from the last 4 decades,2017-06-13,2440.35
Barbie’s boyfriend Ken gets diverse makeover,2017-06-20,2437.03
One Year In: Global X S&P 500® Catholic Values ETF,2017-06-21,2435.61
Buyback ETF Deals With Declining Repurchases,2017-06-22,2434.5
Spread Trading Sector Index Futures,2017-06-22,2434.5
China’s road-straddling bus bites the dust,2017-06-23,2438.3
"Wall Street ends higher on technology, energy boost",2017-06-27,2419.38
Queen Elizabeth II is getting a 78% raise from the government,2017-06-27,2419.38
Tactical Asset Allocation: Does the Day of the Month Matter?,2017-06-29,2419.7
JPM Q3 Guide to the Markets - The Big Picture,2017-07-06,2409.75
My Favorite Mutual Fund | White Coat Investor,2017-07-07,2425.18
"Private equity firms out-perform stock markets, but only over time",2017-07-10,2427.43
The No. 1 concern for companies during this earnings season,2017-07-10,2427.43
An Obscure Technical Indicator Was the Only Way to Beat European Stocks This Year,2017-07-13,2447.83
Are Tech Stocks in a Bubble? Nah.,2017-07-17,2459.14
Is The S&P 500 Nearing A Major Elliott Wave Top?,2017-07-31,2470.3
'Bond king' Jeff Gundlach is reportedly turning away money,2017-08-08,2474.92
Redefining Bull and Bear Markets - The Big Picture,2017-08-14,2465.84
Dow posts biggest one-day fall in 3 months; concerns over Trump agenda grow,2017-08-17,2430.01
Different Ways To Consider Mid-Cap Stocks,2017-08-17,2430.01
Ray Dalio turns cautious amid Washington conflict,2017-08-21,2428.37
September Worst Month of the Year,2017-08-24,2438.97
What Does The Stock Market Do For Workers' Wages? Nothing,2017-08-24,2438.97
Warren Buffett auctioned off a stock tip in 1999—here's how it fared,2017-08-30,2457.59
Buffett Valuation Indicator Says S&P 500 (SPY) Is Most Expensive Since 2000,2017-09-07,2465.1
"Down $20 Billion, Boeing Stuffs Pension Fund With Its Own Shares",2017-09-15,2500.23
The 'death rate' of America's biggest companies is surging,2017-09-22,2502.22
Large banks among biggest winners in corporate tax reform,2017-09-29,2519.36
"Dow, S&P 500, Nasdaq back at record highs",2017-10-03,2534.58
Unusual Options Activity - Bullish Trade Bets Stocks Keep Rising,2017-10-09,2544.73
STOCKS HIT RECORD HIGHS: Here's what you need to know,2017-10-11,2555.24
Bull market is 103 months old. Trump owns 11 of them,2017-10-11,2555.24
"Included: Weinstein is not just a Hollywood problem, Jemele Hill strikes again",2017-10-13,2553.17
State Street Global Advisors Launches Suite of Ultra-Low-Cost SPDR ® Portfolio ETFs,2017-10-16,2557.64
November's First Trading Day: NASDAQ Is Best,2017-10-31,2575.26
Trump Just Took Credit for the Stock Market's Huge Rally (Again),2017-11-06,2591.13
We can't stop sexual harassment until we restructure corporate boards,2017-11-07,2590.64
Defense stocks are among the best trades since Trump’s election — here are the other winners and losers,2017-11-08,2594.38
S&P 500 Chart Spotlight: Higher Prices Into 2018,2017-11-16,2585.64
Putting The Massive S&P 500 Rally In Perspective (SPY),2017-12-04,2639.44
What I Learned About the S&P 500 from Studying the US IPO Market,2017-12-04,2639.44
US building materials industry enjoys modest growth on housing starts,2017-12-21,2684.57
The Surprising Outperformance Of A Value-Tilted Strategy In 2017,2018-01-02,2695.81
Warren Buffett just won a $1 million bet—and highlighted one of the best ways to grow wealth,2018-01-03,2713.06
"Warren Buffett Wins $1M Bet Made a Decade Ago That the S&P 500 Stock Index Would Outperform Hedge Funds, and ...",2018-01-03,2713.06
A major S&P ratio has a whiff of 1929. Is this a bubble yet?,2018-01-04,2723.99
This Day In Market History: Rockefeller Founds Standard Oil,2018-01-10,2748.23
Market Seasonality Composite Charts For Stocks & Bonds,2018-01-12,2786.24
Junk Bonds Are Sending An Important Message To The Markets (JNK),2018-01-18,2798.03
Making Sense Out of Upside/Downside Capture Metrics,2018-01-22,2832.97
The 10 Most Expensive Stocks In The S&P 500,2018-01-24,2837.54
S&P 500's Risk-Adjusted Return Was Close to World-Best in 2017,2018-02-02,2762.13
A Bigger Picture of the Stock Market,2018-02-07,2681.66
CEO Tenure Rates,2018-02-12,2656.0
Stocks Record Their Biggest Two-Day Rally Since 2016: DealBook Briefing (Published 2018),2018-02-12,2656.0
Stock market correction is happening. Here's what's next,2018-02-12,2656.0
Canada's stock market is the worst in the world,2018-02-20,2716.26
Wall Street Tech Spree: With Kensho Acquisition S&P Global Makes Largest A.I. Deal In History,2018-03-06,2728.12
Dow drops more than 400 points after Trump announces tariffs,2018-03-07,2726.8
"Stock Market News for March 15, 2018",2018-03-15,2747.33
"E-mini S&P 500 Index (ES) Futures Technical Analysis – March 19, 2018 Forecast",2018-03-19,2712.92
Penang-born Broadcom's Tan highest paid among S&P 500 firms,2018-03-21,2711.93
Improving Earnings Will Push Stock Prices Higher,2018-03-26,2658.55
Tech Stocks' Growth Engine Faces a Big Slowdown,2018-03-28,2605.0
3 Charts to Watch as Volatility Rises,2018-03-28,2605.0
How Much One Woman Made Using 6 Investing Platforms,2018-03-29,2640.87
Here Are Some Key S&P 500 Levels to Watch as the Market Fluctuates,2018-04-04,2644.69
Finance Titan Who Gave $75 Million for Philosophy Studies Says 'More to Come',2018-04-05,2662.84
"Shiller PE 10: Advantages, Criticisms, and Implementation",2018-04-13,2656.3
S&P 500: Revenue Growth Matters,2018-04-17,2706.39
3 Must-See Charts on Stock Market Breadth,2018-04-25,2639.4
"Peak Earnings Are Rattling Equity Investors, But History Says Stay Calm",2018-04-30,2648.05
Energy Stocks: A Surprising Defensive Play? | AB,2018-05-09,2697.79
"Stock Market News For May 14, 2018",2018-05-14,2730.13
Here's a Better Way to Hedge Using Stock Options,2018-05-17,2720.13
Why the Hermes Birkin bag is a better investment than gold,2018-05-18,2712.97
"New filings show big pay gaps at retailers, but industry says disclosure rules are unfair",2018-05-21,2733.01
Positive Correlation Holds for Bond Yields and Stocks,2018-05-22,2724.44
Gold Investing: Dow Ratio vs. 50 Years' Data | Gold News,2018-05-25,2721.33
Vanguard employees won’t have an S&P 500 index fund in their 401(k) plan,2018-06-08,2779.03
Historical Performance Of The Dividend Kings List,2018-06-14,2782.49
'Short burn' spares few,2018-06-18,2773.75
Active vs Passive Investing … Which Path to Take?,2018-06-22,2754.88
What Have You Done For Me Lately?,2018-07-03,2713.22
S&P 500 Likely to Report Earnings Growth Above 20% for Second Straight Quarter,2018-07-06,2759.82
GE Traders See Stock Rising 10% as Estimates Rise,2018-07-09,2784.17
7 Fascinating Facts About the Broad-Based S&P 500,2018-07-10,2793.84
Concentration in the Stock Market,2018-07-12,2798.29
Tech stocks contributed 98% of the S&P 500's 2018 gain,2018-07-16,2798.43
How To De-FAANG Without Giving Up On Indexing Or Trying To Time The Stock Market,2018-07-17,2809.55
This Day In Market History: Intel Founded,2018-07-18,2815.62
"Stocks are breaking out and look set for new highs, says this chart",2018-07-23,2806.98
"Stock Market News For Jul 26, 2018",2018-07-26,2837.44
Python for Finance: Dash by Plotly | by Kevin Boller,2018-07-30,2802.6
"Technology stocks make up too much of the S&P 500, so the index has a big move planned for Google, Facebook",2018-08-06,2850.4
S&P 500 is now set to break out to new all-time highs,2018-08-20,2857.05
The Dow is on the verge of busting out of correction phase for the 1st time in 6 months,2018-08-21,2862.96
"Charting an August breakout attempt, S&P 500 approaches record territory",2018-08-21,2862.96
Will the US stock market boom continue?,2018-08-24,2874.69
Chart of shame: The S&P 500 vs. everyone who said the market was about to crash,2018-08-28,2897.52
Which Companies Have The Highest Gross Profit Per Employee?,2018-08-28,2897.52
How Did the Stock Market Do? They're Hard to Predict,2018-08-31,2901.52
Fidelity's new no-fee index funds bring in $1 billion in first month,2018-09-04,2896.72
Why a bearish Wall Street ‘weatherman’ still sees clouds ahead for stocks,2018-09-04,2896.72
S&P 500's Rally Is Strongest Ever During a Fed Tightening Cycle,2018-09-12,2888.92
"Stock Market News For Sep 13, 2018",2018-09-13,2904.18
Is investing 100% in an S&P 500 ETF a good idea?,2018-09-17,2888.8
Short term reversal ETF,2018-09-19,2907.95
Few women executives at top US companies despite modest gains this decade,2018-09-26,2905.97
4 Retailers Racing Ahead of the S&P 500,2018-10-01,2924.59
Barnes & Noble stock soars 20% as it explores a sale,2018-10-03,2925.51
"Stock Market News For Oct 12, 2018",2018-10-12,2767.13
"S&P 500 Market Outlook: The Good, The Bad, and The Ugly",2018-10-15,2750.79
"Dow, S&P 500 fall as dollar rises, yield curve flat",2018-10-22,2755.88
Time To Go Long Gold Miners and Short the S&P 500?,2018-10-22,2755.88
Dow Jones dives more than 500 points following slide in global markets,2018-10-23,2740.69
What It Means When VIX and Stocks Both Rise,2018-10-24,2656.1
Dow falls 600 points and wipes out 2018 gains; Nasdaq enters correction territory,2018-10-24,2656.1
"The 10 Biggest Single-Day Declines for the Dow, Nasdaq, and S&P 500",2018-10-29,2641.25
"Charting a second dead-cat bounce, S&P 500 rises from 10% correction mark",2018-10-30,2682.63
"How to Start Investing in ETFs With €1,000",2018-11-05,2738.31
The Huge Amounts CEOs Are Spending on Midterms,2018-11-06,2755.45
"Stock Market News For Nov 7, 2018",2018-11-07,2813.89
"Big tech, health care lead U.S. stock surge",2018-11-07,2813.89
The Most Expensive Plain Vanilla Index Funds,2018-11-19,2690.73
The Women's Leadership Gap,2018-11-20,2641.89
Buxton Helmsley Outperforms S&P 500 by 19.27% Throughout 2018,2018-11-21,2649.93
This Vanguard Fund Emulates the S&P 500,2018-11-26,2673.45
The 7 Best ETFs to Avoid the Tech Bloodbath,2018-11-29,2737.8
"Stock Market Crashed While Yield Curve Inverted, What's Next For Stocks? | investing.com",2018-12-04,2700.06
Almost half of S&P 500 stocks in a bear market,2018-12-10,2637.72
The One Constant in the Stock Market,2018-12-11,2636.78
Charting a December bounce: S&P 500 nails major support,2018-12-11,2636.78
A government shutdown isn't necessarily bad for the stock market,2018-12-12,2651.07
"Stock Market News For Dec 18, 2018",2018-12-18,2546.16
History Says the S&P Can Bounce Into the New Year,2018-12-19,2506.96
S&P 500 Breakdown Could Signal Bear Market,2018-12-20,2467.42
"Stock Market News For Dec 21, 2018",2018-12-21,2416.62
Here’s how the stock market has fared after similarly brutal losses in a quarter,2018-12-26,2467.7
"Dow up more than 1,000 points in biggest one-day gain ever",2018-12-26,2467.7
Stocks Bounce Back From Edge of Bear Market (Published 2018),2018-12-26,2467.7
2018 Was Worst Year for Stocks Since 2008 Financial Crisis,2018-12-31,2506.85
Stock market suffers worst year since 2008 financial crisis,2018-12-31,2506.85
Stock market today: Stocks soar on blowout jobs report,2019-01-04,2531.94
S&P 500 will climb 15% in 2019 — here’s what to buy now,2019-01-07,2549.69
"Apple, Facebook propel Wall Street to three-week peak",2019-01-08,2574.41
"S&P 500 (SPX) to Rise 13% in 2019, Says Fundstrat's Tom Lee",2019-01-11,2596.26
"Buy Low, Buy High",2019-01-11,2596.26
How To Use Op-Ex Price Magnets,2019-01-25,2664.76
"Stock market today: S&P 500 posts best January since 1987, climbs 7.9%",2019-01-31,2704.1
"S&P 500 rises on strong earnings, closing out the best January since 1987",2019-01-31,2704.1
Stock market highs mask economic inequality in US: Deutsche Bank,2019-02-04,2724.87
Stock market highs mask economic inequality in US: Deutsche Bank,2019-02-04,2724.87
Don't Fear an Overbought Stock Market Yet,2019-02-06,2731.61
S&P 500 Stocks - 88% Are Above Their 50 Day Moving Average,2019-02-07,2706.05
5 Signs The Stock Market Has Flipped From Bearish To Bullish,2019-02-11,2709.8
Why Veeva Systems Stock Soared 22.1% in January,2019-02-11,2709.8
The Probability of Another 20%+ Drawdown is Higher Than You Might Expect,2019-02-11,2709.8
Coke says global slowdown will be a drag on 2019. Stock has worst day in 10 years,2019-02-14,2745.73
Stock Market Strong Despite Trade War and Tariffs,2019-02-14,2745.73
5 Stocks to Rise With the Robot Revolution,2019-02-20,2784.7
Monthly gains in January and February historically signal a 20% average market advance for the year,2019-02-20,2784.7
S&P 500 Stocks - 92.45% Are Above Their 50 Day Moving Average,2019-02-20,2784.7
Tiny Red Flags for the S&P 500,2019-02-21,2774.88
Tiny Red Flags for the S&P 500,2019-02-21,2774.88
Is Schwab S&P 500 (SWPPX) a Strong Mutual Fund Pick Right Now?,2019-02-22,2792.67
Warren Buffett says he can't beat the S&P 500,2019-02-25,2796.11
Warren Buffett says Berkshire stock managers Weschler and Combs have trailed the S&P 500,2019-02-25,2796.11
Using ROIC To Find Dangerous Stocks in a Volatile Market,2019-02-26,2793.9
Health Insurers Sink as `Medicare for All' Idea Gains Traction,2019-02-27,2792.38
S&P 500 Will Likely Report Earnings Growth in Q2 2019,2019-03-01,2803.69
"10 years ago this week, the market hit the climactic bottom of the Great Recession",2019-03-04,2792.81
The stock market and the economy are telling two different stories,2019-03-05,2789.65
Utilities Creating Another Important Topping Pattern? | investing.com,2019-03-05,2789.65
"Should You Buy the Vanguard S&P 500 ETF? 3 Pros, 2 Cons",2019-03-13,2810.92
Stocks Break to New Highs While VIX Drops to New Low,2019-03-15,2822.48
This Day In Market History: S&P 500 Hits 1300 For The First Time,2019-03-15,2822.48
Stocks Break to New Highs While VIX Drops to New Low,2019-03-15,2822.48
Why Do Many Once-great Companies Ultimately Stumble?,2019-03-18,2832.94
The Subscription Economy Grows More Than 300% In The Last Seven Years,2019-03-21,2854.88
The Subscription Economy Grows More Than 300% In The Last Seven Years,2019-03-21,2854.88
Forward vs. trailing price to earnings: Here's the better metric to use for predicting stock returns,2019-03-27,2805.37
Beta & Volatility on the Move,2019-03-29,2834.4
"S&P 500 ekes out gain, enough to extend winning streak",2019-04-09,2878.2
Business briefly: S&P 500 falls to rare loss; Best Buy taps its first female CEO,2019-04-15,2905.58
Sneakers are now an emerging alternative asset class: Cowen,2019-04-17,2900.45
Stocks are at an all-time high. Here's what stopped the last 12 bull runs,2019-04-23,2933.68
19 Surprising Stocks With a History of Earnings Surprises,2019-04-23,2933.68
Wall Street keeps hitting records. What do investors do now?,2019-04-24,2927.25
The Stock Market Just Hit a Record High and History Suggests It's Headed Even Higher,2019-04-24,2927.25
The Only 19 Debt-Free Companies in the S&P 500,2019-04-26,2939.88
Morgan Stanley bear unbowed after bad call,2019-04-29,2943.03
Stocks - S&P Tumbles as Powell Hurts Rate Cut Hopes,2019-05-01,2923.73
The relationship between Asian and U.S. stocks is falling apart,2019-05-01,2923.73
Only one of the S&P 500's 10 largest stocks from 1960 is still there,2019-05-07,2884.05
"Warren Buffett, Berkshire Hathaway Can't Beat the Stock Market",2019-05-07,2884.05
"This troubling trend in the S&P 500 isn't as bad as it seems, expert says",2019-05-08,2879.42
Here is What Hedge Funds Think About Forum Energy Technologies Inc (FET),2019-05-09,2870.72
Way more CEOs are Republicans than Democrats. Here's the proof,2019-05-14,2834.41
"This stock chart may scare investors, but don't panic yet",2019-05-14,2834.41
"Trahan, New Equity Strategist at UBS, Is No. 2 S&P 500 Bear",2019-05-14,2834.41
From Bob Iger to Warren Buffett and Jack Dorsey: These are the highest and lowest paid CEOs of 2018,2019-05-16,2876.32
What's the Difference Between the Fortune 500 and the S&P 500?,2019-05-17,2859.53
Trade War Takes Its Toll on Tech Stocks,2019-05-20,2840.23
Technology in 2019,2019-05-22,2856.27
Why Dunkin' Brands Is Set to Beat the S&P 500,2019-05-22,2856.27
This “Double Top” Spells Trouble for Stocks,2019-05-22,2856.27
Traders Are Shorting the S&P 500 at a Rate Unseen Since 2015,2019-05-23,2822.24
"Dow, S&P 500 and Nasdaq on verge of first May loss since Europe’s 2012 debt crisis",2019-05-23,2822.24
Should You Invest in the Invesco S&P 500 Equal Weight Utilities ETF (RYU)?,2019-06-04,2803.27
CTAs Are Now Shorting The Russell - Phil Davis,2019-06-05,2826.15
"Fed rate cuts could boost the S&P 500 this much, says Barclays",2019-06-05,2826.15
Trump Stock-Market Performance Above Average so Far,2019-06-05,2826.15
"If You Want To Time The Market, Ignore Moving Averages",2019-06-06,2843.49
"Stocks could surge on cusp of huge buying signal, says Bank of America Merrill Lynch",2019-06-07,2873.34
5 Top Smart-Beta ETF Charts Amid Trade Tensions,2019-06-11,2885.72
Why Facebook Was Dropped from the S&P 500® ESG Index,2019-06-11,2885.72
Facebook gets dumped from an S&P index that tracks socially responsible companies,2019-06-13,2891.64
"These CEOs have the strongest social media presence, survey shows – here's why that matters",2019-06-17,2889.67
"Trump Predicts Stock Market Crash in 2020 if He Loses, but History Says Otherwise",2019-06-19,2926.46
The Case for Dividend Futures Contracts,2019-06-21,2950.46
S&P 500 hits new highs as Fed confirms hopes for July rate cut,2019-06-24,2945.35
2019 Stock Market Predictions From 3 Gurus,2019-06-25,2917.38
FAANG Stocks Get Their Bite Back,2019-06-25,2917.38
7 S&P Index Funds to Buy Now,2019-06-28,2941.76
SocGen’s product bets on Wall St intraday trends with S&P 500 futures| Gulf Times,2019-07-08,2975.95
"Dow suffers record-breaking single-day drop | September 29, 2008 | HISTORY",2019-07-10,2993.07
The S&P 500 Hits 3000 - What's Next?,2019-07-10,2993.07
"Dow Jones crosses 27,000 points, an all-time high",2019-07-11,2999.91
VXX hedge for equity positions,2019-07-16,3004.04
All-male boards among S&P 500 companies are nearly extinct,2019-07-17,2984.42
Boeing hires 9/11 compensation fund lawyer to dole out $50 million to victims of 737 Max crashes,2019-07-17,2984.42
"Stocks fall, S&P 500 and Nasdaq post worst week since late May",2019-07-19,2976.61
2019 Stock Market Action Bullish For Longer-Term Returns,2019-07-23,3005.47
S&P 500 Futures Trading In 11 Day Range,2019-07-24,3019.56
"Beyond Meat's market cap is bigger than 25% of the S&P 500—and that's 'beyond ridiculous,' says investor",2019-07-26,3025.86
10 Restaurant Stocks That Have Beaten the S&P 500 This Year,2019-07-26,3025.86
"This chart of booming returns following rate cuts shows why investors say, 'Don't fight the Fed'",2019-07-30,3013.18
"This chart of booming returns following rate cuts shows why investors say, 'Don't fight the Fed'",2019-07-30,3013.18
"Stock market news: August 1, 2019",2019-08-01,2953.56
"Stock market news: August 1, 2019",2019-08-01,2953.56
Analysts Cut S&P 500 EPS Estimates Within Average Ranges for Q3 in July,2019-08-05,2844.74
"Stock Market News For Aug 6, 2019",2019-08-06,2881.77
Dow makes up losses after a stomach-churning morning pushed market down,2019-08-07,2883.98
Energy Sector At Lowest Weight In Decades In S & P 500,2019-08-07,2883.98
Use the “Rubber Band” to Profit in a Bear Market,2019-08-13,2926.32
S&P 500 Plunges On Yield Curve Inversion - Real Investment Advice - Commentaries,2019-08-15,2847.6
Wall Street rallies on hopes of global economic stimulus,2019-08-19,2923.65
How to Trade the Yield Curve,2019-08-21,2924.43
ETFs That Diversify S&P 500 Risk,2019-08-22,2922.95
Morningstar's Australian ETF ratings leave trail of confusion,2019-08-22,2922.95
"Stock market news: August 23, 2019",2019-08-23,2847.11
"S&P, Dow and Nasdaq Slide After China Tariff Threat and Trump Twitter Response (Published 2019)",2019-08-26,2878.38
S&P 500 Price Forecast – Stock markets recover on Monday,2019-08-26,2878.38
S&P 500 Stocks You Shouldn't Own In A Recession,2019-08-26,2878.38
Mapping the S&P 500 Trading Ecosystem,2019-08-29,2924.58
Bank of America's flagship model is flashing a 'buy' signal for stocks for the first time since January,2019-08-30,2926.46
"Stock Market Today: Dow, S&P Live Updates for September 5, 2019",2019-09-04,2937.78
Australia's best US ETF: iShares' IVV or Vanguard's VTS?,2019-09-06,2978.71
Leveraging a Growing Segment of Nasdaq-100 Funds,2019-09-09,2978.43
Private equity and ETFs,2019-09-09,2978.43
S&P 500 Companies Squeezing Most From Workers; Can You Profit From Them?,2019-09-09,2978.43
Leveraging a Growing Segment of Nasdaq-100 Funds,2019-09-09,2978.43
S&P 500 Price Forecast – Stock markets continue to show signs of life,2019-09-11,3000.93
Micro Caps Surge as S&P 500 Hesitates at Historic Highs,2019-09-12,3009.57
"Stock Market News For Sep 13, 2019",2019-09-13,3007.39
"If you invested $1,000 in Adobe 10 years ago, here's how much you'd have now",2019-09-18,3006.73
"Deutsche Bank: S&P 500 13% Overvalued, Recession Coming",2019-09-18,3006.73
"If you invested $1,000 in Adobe 10 years ago, here's how much you'd have now",2019-09-18,3006.73
"Stock Market News For Sep 19, 2019",2019-09-19,3006.79
Index funds are more popular than ever—here's why they're a smart investment,2019-09-19,3006.79
Introduction to the U.S. Stock Market Indexes,2019-09-20,2992.07
S&P 500 Stocks: 10 Best To Own In The Fall,2019-09-23,2991.78
Solar powered kiosks are charging phones in Rwanda,2019-09-23,2991.78
Solar powered kiosks are charging phones in Rwanda,2019-09-23,2991.78
S&P 500 Stocks: 10 Best To Own In The Fall,2019-09-23,2991.78
U.S. Indices Open Session On The Bull - Forex News by FX Leaders,2019-09-24,2966.6
"Stock market news: September 25, 2019",2019-09-25,2984.87
Comeback Stocks: How IBM Has Become a Growth Stock Again,2019-09-27,2961.79
S&P 500 Outlook: IPO Market Hints at Gradual Shift in Risk Appetite,2019-10-01,2940.25
Healthcare worst performer among S&P 500 sectors in September,2019-10-03,2910.63
"Stock market news: October 4, 2019",2019-10-04,2952.01
S&P 500 Index Fibonacci Retracement Levels To Watch Into Year-End 2019,2019-10-07,2938.79
How a 500-year-old German brewery started an eco-friendly beer trend,2019-10-08,2893.06
11 High-Yield Savings Accounts That Have Beaten the Stock Market,2019-10-09,2919.4
How to Value Disruptive Themes,2019-10-09,2919.4
7 EBITDA Growth Stocks That Can Outperform in a Volatile Market,2019-10-10,2938.13
"The Diversity Business Is Booming, But What Are the Results?",2019-10-10,2938.13
Dividend Growth May Steady Stock Portfolios in Shaky Markets (Published 2019),2019-10-11,2970.27
"Stock market: Dow, S&P on upswing amid US-China trade optimism",2019-10-11,2970.27
Watch S&P 500 E-Mini Futures Stuck in a Range,2019-10-11,2970.27
Nasdaq-100 Higher Volatility than the S&P 500: Myths and Truths around Volatility,2019-10-11,2970.27
Can Corporate Social Responsibility Be Legally Enforced?,2019-10-11,2970.27
Why it's good for business to have a woman at the top,2019-10-16,2989.69
"Defined-Outcome ETFs Provide Protection in a Downturn, at a Price",2019-10-17,2997.95
The lifespans of companies on the S&P 500 could be under 15 years by 2030,2019-10-21,3006.72
The lifespans of companies on the S&P 500 could be under 15 years by 2030,2019-10-21,3006.72
The S&P 500 Vs Gold: How Are Traders Positioning Themselves?,2019-10-24,3010.29
The S&P 500 Vs Gold: How Are Traders Positioning Themselves?,2019-10-24,3010.29
It would take 100 years for the average employee to earn what their CEO makes in a year,2019-10-25,3022.55
US stocks boosted by encouraging update on China trade talks,2019-10-25,3022.55
"S&P 500 hits fresh all-time high, boosted by strong earnings and US-China trade progress",2019-10-28,3039.42
S&P Approaching Most Bullish 6 Months of the Year,2019-10-30,3046.77
Should CEOs double as board chairs? Increasingly S&P 500 companies are saying no,2019-10-31,3037.56
The S&P 500 Is at an All Time High—But It Still Performed Far Better Under Obama Than Trump,2019-11-01,3066.91
10 Discount Blue Chips That Can Lead a Stampeding Bull Market,2019-11-05,3074.62
It's not just Boeing. More companies are splitting CEO and chairman roles,2019-11-05,3074.62
S&P 500: CNN Fear and Greed Index Reaches 2017 Highs,2019-11-08,3093.08
Walgreens could leave the Dow. What should replace it?,2019-11-11,3087.01
This is now the best bull market ever,2019-11-14,3096.63
How a Smart Beta Investing Strategy Works,2019-11-14,3096.63
"Stock market news: November 15, 2019",2019-11-15,3120.46
"Stock market news: November 15, 2019",2019-11-15,3120.46
25 Stocks That Are Crushing the Market in 2019,2019-11-18,3122.03
C Fund Reaches New Highs While S Fund and I Fund Lag,2019-11-18,3122.03
SPY: The Good News And Bad News About Interest Rates In 2020,2019-11-20,3108.46
What is the S&P 500 Average Annual Return?,2019-11-21,3103.54
Why Every Growth Stock Portfolio Should Be Overweight In Utilities,2019-11-21,3103.54
UTRN: The ETF That Bets on Losers,2019-11-26,3140.52
Time-Series and Correlations with Stock Market Data using Python,2019-11-26,3140.52
Stock market action after 2020 election sweep might surprise you,2019-11-26,3140.52
Biden's Burisma Payout Was Far Above Comparable Board Compensation,2019-11-27,3153.63
25 of the Decade's Biggest Events on Wall Street,2019-12-02,3113.87
8 S&P 500 Stocks With The Highest Betas,2019-12-02,3113.87
"S&P 500 posts biggest decline in nearly two months, Dow drops 250 points to kick off December",2019-12-02,3113.87
Saudi Aramco raises $25.6 billion in the world's biggest IPO,2019-12-05,3117.43
How much an investment in UPS 10 years ago would be worth,2019-12-06,3145.91
"Do You Hope Your Kids Will Become CEOs? If They Were Born in These 2 Months, Science Has a Heads-Up For You",2019-12-11,3141.63
How a delayed trickle effect from the WeWork blowup could end up hitting the S&P 500,2019-12-11,3141.63
"Do You Hope Your Kids Will Become CEOs? If They Were Born in These 2 Months, Science Has a Heads-Up For You",2019-12-11,3141.63
3 Hot Value Stocks Beating the S&P 500 in 2019,2019-12-12,3168.57
BlackRock's iShares Core S&P 500 ETF reaches $200bn AUM milestone,2019-12-17,3192.52
Top-10 S&P 500 Market Cap Weights: Estimated 2020 EPS Growth,2019-12-17,3192.52
Top-10 S&P 500 Market Cap Weights: Estimated 2020 EPS Growth,2019-12-17,3192.52
2019: A Market Review,2019-12-18,3191.14
"Gamma Flip: Options Market Strategy for S&P 500 Hedge, Macro Hive",2019-12-19,3205.37
"If you invested in Bank of America 10 years ago, here's how much you'd have now",2019-12-23,3224.01
Netflix Stock Was Top Performer in S&P 500 Over Past Decade,2019-12-23,3224.01
Forget Stock Market Forecasts. They're Less Than Worthless. (Published 2019),2019-12-23,3224.01
"S&P 500 to 3,600? One chart analyst sees a path there next year",2019-12-23,3224.01
Here are the best and worst Dow and S&P 500 stocks of 2019,2019-12-30,3221.29
"Stock Market Today: Dow, S&P Live Updates for December 31, 2019",2019-12-30,3221.29
Canada's top 3 ETFs of the decade,2019-12-30,3221.29
Stock market ends 2019 on a high note as Wall Street closes out a banner year,2019-12-31,3230.78
The Best and Worst Performing Sectors in 2019,2019-12-31,3230.78
The Best and Worst Performing Sectors in 2019,2019-12-31,3230.78
Jim Cramer breaks down the top 2019 S&P 500 performers and their 2020 odds,2020-01-03,3234.85
Stock-Market-Investing Strategy That's Beaten the S&P 500 Since 1990,2020-01-06,3246.28
"S&P 500 Index Hits New All-Time High, Ready To Drop? Corto",2020-01-06,3246.28
Why Stock Buybacks Are Dangerous for the Economy,2020-01-07,3237.18
A Look at the S&P Sectors from 2019,2020-01-08,3253.05
"IEEFA update: Oil and gas stocks place dead last in 2019, again, despite 30% price rise",2020-01-09,3274.7
Analysis | U.S. stocks continue to post big gains. But what about wages?,2020-01-14,3283.15
"Stock Market News for Jan 15, 2020",2020-01-15,3289.29
2018 vs. 2019 in the Stock Market,2020-01-21,3320.79
"Brand in the Boardroom, Your Most Valuable Asset",2020-01-27,3243.63
Which tech stock is best? Here’s how the ‘big five’ companies stack up as they report earnings,2020-01-28,3276.24
What Is ESG Investing? How Impact Investing Funds are Beating the Market,2020-01-29,3273.4
Highest Forward 12-Month P/E Ratio for S&P 500 Since 2002,2020-01-29,3273.4
"Apple, Alphabet, Microsoft, Facebook and Amazon account for 18% of the S&P 500",2020-02-04,3297.59
ABC Correction in the Stock Market: A Method for Buying Pullbacks,2020-02-05,3334.69
What it takes to be a CEO in the 2020s,2020-02-06,3345.78
Tesla's stock is a phenomenon. Here's why it's not in the S&P 500,2020-02-06,3345.78
"Stock Market News for Feb 7, 2020",2020-02-07,3327.71
"US STOCKS-S&P 500, Nasdaq notch record highs as virus fears wane",2020-02-11,3357.75
The S&P 500 is really the S&P 5. Big tech dominates the index,2020-02-11,3357.75
"Stock Market News for Feb 12, 2020",2020-02-12,3379.45
US Stock Market Overview – Stocks Settle Mixed; But S&P and Nasdaq Close a Weekly All-time Highs,2020-02-14,3380.16
Do not expect returns from mutual fund SIPs! Do this instead!,2020-02-19,3386.15
"Stock Market News for Feb 19, 2020",2020-02-19,3386.15
"What typically happens following a two-day selloff of 6%? More of the same, if 1987 and 2008 are any indication",2020-02-26,3116.39
"Dow falls 1,191 points -- the most in history",2020-02-27,2978.76
"Stock market live updates: Dow drops 1190 points, S&P 500 sees fastest correction in history",2020-02-27,2978.76
S&P 500 stages quickest correction since the Great Depression,2020-02-27,2978.76
How does the stock market perform when the VIX fear gauge surges?,2020-02-28,2954.22
S&P 500 Stock Market Correction Fibonacci Price Levels To Watch,2020-02-28,2954.22
The Flaw in Warren Buffett’s Estate Plan,2020-02-28,2954.22
The 5 Best Stocks (And 5 Worst) of the Coronavirus Correction,2020-03-02,3090.23
How Much Should Older Workers And Retirees Invest In The Stock Market?,2020-03-03,3003.37
Dividend Aristocrats Could Be Set to Lead Markets Higher,2020-03-03,3003.37
New research reveals pharma companies are more profitable than most S&P 500 companies,2020-03-03,3003.37
S&P 500 Price Forecast – Stock Markets Broke Down a Bit on Friday Again,2020-03-06,2972.37
10 Worst Days for S&P 500 and What Happened Next,2020-03-09,2746.56
Economy Faces 'Tornado-Like Headwind' as Financial Markets Spiral (Published 2020),2020-03-09,2746.56
Trading halted on the New York Stock Exchange for 15 minutes after S&P 500 falls 7%,2020-03-09,2746.56
137% Increase in S&P 500 Companies Citing “ESG” on Earnings Calls in Q4 vs. Q3,2020-03-09,2746.56
‘Circuit breakers’ halt US stock trading. What are they exactly?,2020-03-09,2746.56
ETF Insight: Why BlackRock's share price looks cheap,2020-03-09,2746.56
"S&P 500 sinks 7 percent, triggering pause for 1st time since 2008",2020-03-09,2746.56
"Charting a technical breakdown, S&P 500 violates major support",2020-03-10,2882.23
Goldman Sachs says the bull market is over,2020-03-11,2741.38
Stock markets briefly shut down due to coronavirus-driven sell-off,2020-03-12,2480.64
Explaining a Circuit Breaker and Trading Halts for SP:SPX by TradingView — TradingView,2020-03-12,2480.64
History of Notable Market Halts,2020-03-12,2480.64
S&P 500's biggest one-day gain since 2008 helps trim weekly drop,2020-03-13,2711.02
Is Walmart A Safer Bet During The Current Coronavirus Turmoil?,2020-03-16,2386.13
The U.S. Is In A Bear Market. There Could Be A Recession. But This Is Not 2008.,2020-03-16,2386.13
Coronavirus stock crash wipes out 80% of Trump's market gains since 2016 election,2020-03-16,2386.13
Stock markets halted for unprecedented third time due to coronavirus scare,2020-03-16,2386.13
How Fast Has the Economy Recovered After Past Recessions?,2020-03-17,2529.19
Circuit Breakers for Stocks Triggered a Second Time in 3 Days,2020-03-18,2398.1
Stocks Lose Nearly All Gains Under Trump Presidency As Market Falls Another 6%,2020-03-18,2398.1
Stock roller coaster continues: Live updates,2020-03-18,2398.1
Stock plunge triggers fourth trading pause in 2 weeks,2020-03-18,2398.1
"Growth Stocks Now Lagging, but May Still be Attractive",2020-03-19,2409.39
"Bitcoin's Magic Is Fading, And That's A Good Thing",2020-03-19,2409.39
Coronavirus Crash Not (Yet) as Bad as Previous Downturns,2020-03-19,2409.39
"Coronavirus stock market today: S&P 500, Dow Jones slide as Goldman releases earnings estimates",2020-03-23,2237.4
S&P 500 Price Forecast – Stock Markets All Over The Place,2020-03-23,2237.4
3 ETFs That Are Outperforming the S&P 500,2020-03-24,2447.33
The Craziest Statistic From the Coronavirus Market Crash,2020-03-24,2447.33
What Does It Mean That The Stock Market Is A Leading Economic Indicator?,2020-03-25,2475.56
"Home Depot Down 20% Over The Last One Month, Will It Continue To Underperform?",2020-03-26,2630.07
3 Index Bear Funds Nearing Key Chart Support,2020-03-27,2541.47
Market And Macro Data Signal COVID-19 Economic Crisis Will Be Worse Than In 2008,2020-03-31,2584.59
What a Historically High VIX Means for Stocks,2020-04-01,2470.5
What Happens To The Stock Market After A Recession?,2020-04-03,2488.65
Dow Jumps Nearly 800 Points After Sanders Drops Out Of Presidential Race,2020-04-08,2749.98
SPIVA U.S. Year-End 2019 Scorecard: Active Funds Continued to Lag,2020-04-08,2749.98
"S&P 500 earnings, week of April 13: JPMorgan, Wells Fargo set to report",2020-04-13,2761.63
Motilal Oswal launches Motilal Oswal S&P 500 Index Fund,2020-04-14,2846.06
Why the stock market is nowhere near a bottom and investors can expect a massive hit,2020-04-14,2846.06
Where Will The S&P 500 Be By 2030? Here's One Prediction,2020-04-16,2799.55
Why it is harder for women to be promoted in their careers,2020-04-17,2874.56
These 37 Companies Teeter On The Verge Of 'Junk',2020-04-17,2874.56
5 Stock Picks from the Hedge Fund Manager Who Saw The Pandemic Coming,2020-04-17,2874.56
Passive Management Marks Decade Of Beating Active U.S. Stock Funds,2020-04-20,2823.16
Just 5 Stocks Now Dominate the C Fund,2020-04-27,2878.48
Share market: What are 'GRANOLAS' stocks? Goldman Sachs' suggestion for investors,2020-04-30,2912.43
"Bitcoin Trades Like the S&P 500, and is Testing Resistance",2020-05-04,2842.74
Can WWE's Stock Cross the $60-Mark Post Coronavirus Crisis?,2020-05-07,2881.19
"Here is how Dow, S&P do in the six months ahead of a presidential election",2020-05-07,2881.19
You're Probably Missing Half The Nasdaq's Top 10 Stocks,2020-05-13,2820.0
Few Investors See the S&P 500's Next Chapter Being a Happy One,2020-05-15,2863.7
Why Did Dividend Indices Underperform during the Coronavirus Sell-Off?,2020-05-19,2922.94
Extreme Behavior Is on Display Everywhere in the Stock Market,2020-05-19,2922.94
"The S&P 500 Is Trading According to Plan, Causing Concern",2020-05-21,2948.51
The Big Picture Of The Stock Market In Context,2020-05-29,3044.31
The S&P Composite 1500®: An Efficient Measure of the U.S. Equity Market,2020-06-01,3055.73
"Medical device, supply companies notch gains on S&P 500 Healthcare index in May",2020-06-04,3112.35
"S&P 500, Dow retreat after rally; Nasdaq gains further",2020-06-09,3207.18
"Stock Market News for Jun 15, 2020",2020-06-15,3066.59
Harley-Davidson Removed From S&P 500 Index,2020-06-17,3113.49
5 Restaurants That Outperformed the S&P 500 in the Past 6 Months,2020-06-19,3097.74
"S&P 500, Crude Oil Prices, Energy ETFs: Relations and Correlations",2020-06-26,3009.05
"Here Comes The 3rd Quarter, Usually The Worst For The Market",2020-06-30,3100.29
"Tesla Crushes Q2 Delivery Estimates, May Become Eligible for S&P 500 Inclusion",2020-07-02,3130.01
Why iShares fee cuts are 'a huge win for investors': CFRA,2020-07-02,3130.01
Has Warren Buffett Lost His Touch?,2020-07-06,3179.72
"Dow Jones Today: Coronavirus Stock Market Rally Roars, Investors Ignore Covid-19 Surge; S&P 500 Stocks Build On ...",2020-07-06,3179.72
"S&P 500 Faces Earnings Check, Hang Seng Index May Rise",2020-07-13,3155.22
"Tesla Shares Hit All-Time High, Fall Back on Wild Trading Day • iPhone in Canada Blog",2020-07-13,3155.22
Bubble Warnings Get Louder With Nasdaq Erasing Huge Monday Rally,2020-07-23,3235.66
"Tesla Earnings Flirt With S&P 500, Perhaps Boosting This ETF",2020-07-23,3235.66
How to Buy Every Stock in the S&P 500 at Penny-Stock Prices,2020-07-28,3218.44
European Markets Offering an Alternative to the S&P 500,2020-07-30,3246.22
State Street gold ETF is cash machine,2020-07-31,3271.12
S&P 500 Update: Where To Next? And What Then?,2020-08-03,3294.61
Big Shifts Could Be Happening as the Stock Market Keeps Climbing a Wall of Worry | Market Insights,2020-08-10,3360.47
"Since 1992, how the Dow, S&P trade in the three months into Election Day",2020-08-10,3360.47
S&P 500 (SPX) Rallies to Record High,2020-08-12,3380.35
Are Emerging Markets Turning Into the S&P 500?,2020-08-17,3381.99
Record-high prices is no reason to dump stocks: Morning Brief,2020-08-21,3397.16
A strategy to outsmart the S&P 500 ‘bubble’,2020-08-21,3397.16
CBOE launches S&P 500 ESG Index Options - PA Future,2020-08-27,3484.55
Stock Market Crash? Here Is Why We Are In A Goldilocks Scenario For Stocks,2020-08-28,3508.01
"S&P 500 and Nasdaq close at record highs to start September, Dow jumps more than 200 points",2020-08-31,3500.31
Money Managers Are Punished by a Runaway S&P 500,2020-09-01,3526.65
Want Stock Market Gains but Hate Risk? Buffer Annuities May Be for You,2020-09-02,3580.84
Stock market news live updates: Stocks walloped as September selling sets in; tech stocks swoon,2020-09-03,3455.06
Dow ends more than 800 points lower as tech plunge gives stocks worst day since June,2020-09-03,3455.06
Big Oil just isn't as big as it once was,2020-09-04,3426.96
"Etsy gets into S&P 500, Tesla does not",2020-09-04,3426.96
TSLA Stock's Worst Day Ever - Tesla Daily,2020-09-09,3398.96
Which ETF Will Grow The Most By 2025?,2020-09-15,3401.2
S&P 500 Elliott Wave Update: Caution For Stock Market Bulls,2020-09-16,3385.49
Markets Plummet As September Stock ETF Woes Continue,2020-09-21,3281.06
Dow Jumps 258 Points But Dangerous New Trade War Looms,2020-09-23,3236.92
Stocks fall as Trump's re-election odds drop: analyst,2020-09-23,3236.92
Superbull: The money manager who sees outsize S&P 500 gains continuing for years,2020-09-23,3236.92
"History Says A September Stock Market Crash is Overdue, Even in 2020",2020-09-23,3236.92
"Subscription Businesses Outpace S&P 500 Revenues Nearly 6X Amid Pandemic, Marking Pivotal Turning Point Across ...",2020-09-23,3236.92
Unprecedented S&P 500 Volatility Imminent Ahead of Major Options Expiration,2020-09-23,3236.92
Stock Market Will Plunge 25% if Joe Biden Vanquishes Trump: Trader,2020-09-23,3236.92
The Dow Is Sputtering - But One Core Stock Just Got a Major Upgrade,2020-09-23,3236.92
FIA Interest Crediting: Participation Rate & Index Cap Vs Interest Cap,2020-09-24,3246.59
Stock Market Today 9/25/20: Stocks Win the Session but Lose the Week on Growth Fears,2020-09-25,3298.46
How to Read the S&P 500's Key Technical Signals,2020-09-28,3351.6
"S&P 500 - Companies Included, and Criteria for Inclusion",2020-09-30,3363.0
US companies less able to service debt even with borrowing costs at record low,2020-10-06,3360.97
Stocks climb again on Wall Street with hopes for stimulus,2020-10-08,3446.83
Trump raised 5 times as much money from America’s top CEOs as Biden,2020-10-12,3534.22
Cruise Stocks Are Sinking–Again–After Royal Caribbean Reveals It's Raising A $1 Billion Lifeline,2020-10-13,3511.93
S&P 500 Is Running Low on Buyers in Middle of Earnings Season,2020-10-16,3483.81
Stock Market Outcomes Are Currently Bernoulli Distributed | by Tony Yiu,2020-10-21,3435.56
The S&P 500's Latest Slide Vs. Rolling 1-Year Returns | investing.com,2020-10-29,3310.11
Trump vs Biden: This 'presidential predictor' forecasts a Biden win,2020-11-02,3310.24
How does the S&P 500 perform after a US presidential election?,2020-11-02,3310.24
Stock markets open higher on Election Day,2020-11-03,3369.16
Which U.S. President Was Best For Stocks? (It Wasn't Trump),2020-11-04,3443.44
Doomsday market predictions give way to never-ending rally,2020-11-04,3443.44
Uber's market cap surpasses its IPO valuation,2020-11-06,3509.44
DXC Technology Has An Upside Of More Than 20%,2020-11-09,3550.5
"Stock market live Monday: Dow soars 800 points, new intraday records, stay-at-home stocks fade",2020-11-09,3550.5
Goldman Sachs raises its S&P 500 target on vaccine hopes,2020-11-11,3572.66
"Tesla will be added to the S&P 500, officially becoming a blue-chip stock",2020-11-16,3626.91
Why Tesla took so long to get into the S&P 500 — and what that means for other companies,2020-11-17,3609.53
Tesla makes its S&P 500 debut in exactly 4.20 weeks,2020-11-20,3557.54
"Stock Market News for Nov 20, 2020",2020-11-20,3557.54
Walmart Stock Performance Has Doubled That of the S&P 500 Since Doing This One Thing,2020-11-24,3635.41
EXPLAINER: Why the Dow topped 30000 for the first time,2020-11-24,3635.41
The Biggest S&P 500 Addition Ever,2020-12-02,3669.01
Mystery Surrounds $7 Billion Outflow From Vanguard S&P 500 Fund,2020-12-04,3699.12
Molson Coors leads S&P 500 Consumer Staples index again in November,2020-12-07,3691.96
4 things that could push the S&P 500 over 4000 next year,2020-12-08,3702.25
Only Two S&P 500 Sectors Have A Rising ROIC Through 3Q20,2020-12-10,3668.1
Four S&P 500 Sectors Have A Rising FCF Yield Through 3Q20,2020-12-11,3663.46
Tesla (TSLA) will kick out Occidental Petroleum from the S&P 100 index,2020-12-14,3647.49
Tesla Going in S&P 500 Is What the Smart-Beta Geeks Warned About,2020-12-17,3722.48
Tesla shares surge to new high on S&P 500 inclusion,2020-12-18,3709.41
"Clueless About 2020, Wall Street Forecasters Are at It Again for 2021 (Published 2020)",2020-12-18,3709.41
Top 5 S&P 500 Stocks That Helped the Index Gain in 2020,2020-12-21,3694.92
Updating My Favorite Performance Chart For 2020,2021-01-05,3726.86
S&P 500 Price Forecast – Stock Markets Reaching All-Time Highs Again,2021-01-06,3748.14
"S&P 500 posted 2020 gains as COVID-19, oil price crash obliterated energy sector",2021-01-07,3803.79
The Top 10 Warren Buffett Stocks,2021-01-08,3824.68
Charted: How the S&P 500 Generated Fantastic Returns in a Tough Year,2021-01-11,3799.61
The stock market is not the economy. Right? Here's what research says.,2021-01-11,3799.61
"Synchrony CEO Margaret Keane Stepping Down, Leaving S&P 500 With Fewer Women At The Helm",2021-01-12,3801.19
"Las Vegas, the hardest-hit metro economy in America, just suffered another blow",2021-01-13,3809.84
"Trends in Small-Cap Stocks Amid Inflation, Turbulence",2021-01-14,3795.54
CEO Succession Practices in the Russell 3000 and S&P 500,2021-01-15,3768.25
The index inclusion effect on Tesla | Business,2021-01-21,3853.07
U.S. Stock Correlations Fall to Levels Seen Before Past Selloffs,2021-01-25,3855.36
The strange but true reason why GameStop's stock keeps surging,2021-01-25,3855.36
"S&P 500 May Lead Hang Seng, ASX 200 Higher Amid Reddit Stock Frenzy",2021-01-29,3714.24
"Dow jumps 470 points, posts best day since November as the GameStop trading mania unwinds",2021-02-01,3773.86
3 Safe TSX Stocks That Beat the S&P500 in the Last Decade,2021-02-01,3773.86
"$7,000 invested in this ETF could send your kids to college",2021-02-04,3871.74
The S&P 500 is currently mirroring 2008-2009 to a “creepy” degree: veteran hedge funder,2021-02-04,3871.74
Enhanced Value flips from worst S&P 500 strategy in 2020 to best in January,2021-02-04,3871.74
Oil’s decline will weaken its political influence,2021-02-05,3886.83
"The Coronavirus Crash Of 2020, And The Investing Lesson It Taught Us",2021-02-11,3916.38
"Stocks to Buy, Beat the Market Amid Economic Reopening: Raymond James",2021-02-16,3932.59
"Short interest in US stocks declines in aftermath of GameStop saga, data shows",2021-02-18,3913.97
Stocks just got some new competition from bonds as 10-year rate tops dividend yield,2021-02-25,3829.34
"Stock Market News for Mar 1, 2021",2021-03-01,3901.82
Charted: How The S&P 500 Generated Fantastic Returns In A Tough Year,2021-03-04,3768.47
Your Old Baseball Cards Are a Better Store of Value Than Bitcoin,2021-03-04,3768.47
Celebrating 64 Years of the S&P 500,2021-03-09,3875.44
Too old for ETFs?,2021-03-09,3875.44
Should You Buy Perrigo Stock Around $40?,2021-03-09,3875.44
Smart-Beta ETFs That Lived Up to Their Nickname,2021-03-11,3939.34
The rock stars of indexing,2021-03-15,3968.94
"Stock Market News for Mar 17, 2021",2021-03-17,3974.12
The Federal Reserve's Monetary Policy: What Apple Investors Should Know,2021-03-18,3915.46
"S&P 500 closes at a record, Dow jumps 450 points as stocks rally in the final minutes of trading",2021-03-25,3909.52
Better Buy: QQQ vs. VOO,2021-03-29,3971.09
"S&P 500: Beware The 11 Most Overvalued Stocks, Analysts Warn",2021-03-29,3971.09
Security Benefit Adds Two Diversified Index Credit Options for Strategic Growth Series,2021-03-29,3971.09
"Stock Market News for Mar 31, 2021",2021-03-31,3972.89
"S&P 500 climbs, closing out its 4th straight quarterly gain",2021-03-31,3972.89
"New record for stocks: S&P 500 closes above 4,000 for first time",2021-04-01,4019.87
"Stock market news live updates: S&P 500 tops 4000 for the first time, Nasdaq gains more than 1%",2021-04-01,4019.87
With the S&P 500 above 4000 the 'Buffett Indicator' is wildly out of whack,2021-04-05,4077.91
ESG funds beat out S&P 500 in 1st year of COVID-19; how 1 fund shot to the top,2021-04-06,4073.94
Paycom boss Chad Richison becomes highest-paid CEO in the S&P 500,2021-04-06,4073.94
Stock market investors prepping for Biden's $2T spending plan to sail through Congress,2021-04-07,4079.95
Get S&P 500 Value at a Rock Bottom Price with Vanguard's 'VOOV',2021-04-08,4097.17
"US STOCKS-S&P 500, Nasdaq up as tech stocks rise after J&J vaccine pause",2021-04-13,4141.59
AAPL After Hours: Apple Stock On Fire Ahead Of Earnings,2021-04-15,4170.42
"Wall Street ends week positively; S&P 500, Dow hit record highs",2021-04-16,4185.47
What is an ETF?,2021-04-19,4163.26
Lower Provisions for Loan Losses Are Boosting Earnings for S&P 500 Banks for Q1,2021-04-19,4163.26
"Stock Market News for Apr 21, 2021",2021-04-21,4173.42
"YSU investment fund club outperforms S&P 500 index, Youngstown -",2021-04-27,4186.72
Stock Market News: Tech Stocks Tracked on Nasdaq Pushed Into the Red,2021-04-27,4186.72
"Putting ""Sell in May and Go Away"" Under the Microscope",2021-04-28,4183.18
"Fund News Advisors Can Use: Peter Mallouk, Mark Cuban Turn Twitter Scuffle Into $2M Bet on Active Management ...",2021-04-30,4181.17
It's Good to Have Options Part 2: DIY vs ETF vs RILA,2021-05-03,4192.66
"Dow hits all-time high as materials, energy stocks jump; Nasdaq down 1.3%",2021-05-10,4188.43
"Stock Market News for May 10, 2021",2021-05-10,4188.43
Beat the Market with this Secret,2021-05-10,4188.43
"Stock Market News for May 11, 2021",2021-05-11,4152.1
Volatility-Yield Curve Cycle,2021-05-12,4063.04
S&P 500's EPS to jump 35% in 2021 on economy reopening – Goldman Sachs,2021-05-17,4163.29
FAQ: Conclusion of standard S&P 500 futures and options trading,2021-05-20,4159.12
Seven Equities-Copper Drivers,2021-05-20,4159.12
Will The U.S. Stock Market Crash In 2021?,2021-05-21,4155.86
Should You Start Investing in International Flavors and Fragrances (IFF)?,2021-05-21,4155.86
How to Time Memorial Day Trades Based on Seasonality,2021-05-26,4195.99
US inflation pressure gives value stocks another edge over growth stocks,2021-05-27,4200.88
"Up, Down, or Sideways: How to Bet on the S&P 500",2021-05-28,4204.11
Is It Time to Buy the S&P 500's 2 Worst Performing Stocks in May?,2021-06-02,4208.12
"Two Must-See Charts About the S&P 500, 10-Year Treasury Yield",2021-06-09,4219.55
Best Communication Services Sector Dividend Stocks - Dividend Strategists,2021-06-10,4239.18
"After a week of turmoil, stocks are near record territory again",2021-06-23,4241.84
The man who lost a bet with Warren Buffett is ready for Round 2,2021-06-25,4280.7
The incredible S&P 500 has quietly delivered a fortune for investors,2021-07-01,4319.94
Bitcoin’s (BTC) Correlation With S&P 500 Turns Negative for the First Time In 2021,2021-07-13,4369.21
America's Most Staggering CEO-To-Worker Pay Ratios,2021-07-15,4360.03
"Moderna to join S&P 500, shares jump after hours",2021-07-15,4360.03
Is KLA Corporation Stock Ready To Rebound?,2021-07-20,4323.06
Fears of a US market correction grow as stocks climb to new highs,2021-07-28,4400.64
S&P 500 ends off day's lows; Powell says Fed still a ways away from rate hikes,2021-07-29,4419.15
10 High-Return Stocks That Should Keep Delivering,2021-07-30,4395.26
CEO-to-worker pay ratios at 300X for S&P500 companies,2021-08-05,4429.1
"Dow, S&P 500 Log New Record Closes",2021-08-06,4436.52
Blog: Fidelity Index Funds for Beginners,2021-08-09,4432.35
How Overvalued is the Stock Market Right Now?,2021-08-10,4436.75
Dow and S&P End at Records and Growth Worries Dent Tech Shares,2021-08-16,4479.71
5 things to know before the stock market opens Tuesday,2021-08-17,4448.08
S&P 500: 11 Stocks More Than Double Your Money Faster Than Any Others,2021-08-17,4448.08
"Stock Market Today: Dow, S&P Live Updates for Aug. 18, 2021",2021-08-17,4448.08
Steel Dynamics Stock Jumps 16% In A Week – Here's Why,2021-08-17,4448.08
Finding Value in a Rising Market: Breaking Down the S&P 500 Sectors,2021-08-19,4405.8
Look Who Zoomed Past Apple Since It Lost Steve Jobs,2021-08-24,4486.23
Is Coca-Cola Stock A Good Investment At $56?,2021-08-27,4509.37
"S&P 500 falls slightly Tuesday, but notches 7th-straight winning month in August",2021-08-30,4528.79
Apple Stock Spikes On iPhone 13 News. Buy Now?,2021-09-08,4514.07
"Stock Market News for Sep 8, 2021",2021-09-08,4514.07
"S&P 500 falls Friday, notches second straight week of losses in September slump",2021-09-16,4473.75
"If Stocks Go Down, This ETF Goes Up",2021-09-20,4357.73
Understanding US benchmarks for international investing?,2021-09-28,4352.63
Europe Is Better Than U.S. at Bringing Women Into Boardrooms,2021-09-29,4359.46
Who buys carbon offsets - and why?,2021-10-05,4345.72
Rupee falls by 12% Vs dollar in 5 years – How to benefit by investing in US stocks?,2021-10-07,4399.76
"As our population ages, future stock market returns will be lower. Here's a metric to watch",2021-10-08,4391.34
"The Nasdaq: What is it?, Nasdaq Composite Inedx, The Dow, NYSE, S&P 500 Index",2021-10-11,4361.19
"Li Auto Stock Was Up 8% Last Week, Is There More Upside?",2021-10-12,4350.65
Supply-Chain Chatter Hits Record Highs on Earnings Calls,2021-10-13,4363.8
"S&P 500 entry blighted by conflict of interest, research finds",2021-10-14,4438.26
"Stocks rise for a fifth day, and Bitcoin nears a record high. (Published 2021)",2021-10-19,4519.63
S&P 500 Closes at Its ATH with Growth Fueled by Positive Earnings Report,2021-10-20,4536.19
"Despite Historic Returns, Harvard Endowment Still Trails Ivy League Peers | News",2021-10-21,4549.78
Cboe Plans Micro Options on S&P 500 to Entice Day Traders,2021-10-27,4551.68
Is Ford's Stock Overvalued Or Undervalued?,2021-11-01,4613.67
Try and Take the Long View of Equal-Weight ETFs,2021-11-01,4613.67
Nvidia Just Showed Warren Buffett How It's Done,2021-11-05,4697.53
"Moderna (MRNA) Stock Falls, No Long Top-Performer in SPX",2021-11-05,4697.53
How Much Alpha Can Be Derived from a Mean Reversion Strategy?,2021-11-09,4685.25
"Stock Market News for Nov 10, 2021",2021-11-10,4646.71
What's Happening With Gevo Stock?,2021-11-10,4646.71
S&P 500 Loser: GE Tries To Put Investors Out Of Their Misery,2021-11-10,4646.71
Companies Losing Tons Of Money (Like Lucid) Make Investors Rich,2021-11-12,4682.85
The Trade Desk Is Doing Well Despite Ad Industry Upheaval. Is The Stock A Buy?,2021-11-12,4682.85
Wall Street analysts' 2022 outlook for S&P 500,2021-11-16,4700.9
Bitcoin Vastly Outperformed Gold and S&P 500 Over the Past Decade,2021-11-17,4688.67
S&P Dow Jones Indices Taps Twitter API for 2 Indices Tracking Sentiment in Finance Tweets,2021-11-18,4704.54
"Stock Market News for Nov 18, 2021",2021-11-18,4704.54
The 30 Best Stocks of the Past 30 Years,2021-11-19,4697.96
"S&P 500 earnings, Nov. 22, 2021-Jan. 7, 2022: 25 companies to report",2021-11-22,4682.94
Bitcoin (BTC USD) Again a Risk Asset as Correlation to Stocks Climbs,2021-11-23,4690.7
The Crypto Trading Hamster That Outperformed the S&P 500 Has Died,2021-11-24,4701.46
"Stock Market Outlook: S&P 500 Seen Hitting 5,050 Despite Omicron Risk",2021-11-30,4567.0
"S&P 500 Slumps, Bulls Scatter After Powell Signals Faster Taper",2021-11-30,4567.0
Don't Own These 10 Stocks? Then You're Probably Underperforming the Market,2021-12-01,4513.04
Why Tesla (TSLA) Skyrocketed During the Pandemic,2021-12-02,4577.1
Industry Analysts Expect S&P 500 To Report Record-High EPS in 2022,2021-12-03,4538.43
This Day In Market History: The 1974 Bear Market Bottom - SPDR S&P 500 (ARCA:SPY),2021-12-06,4591.67
Israeli smart energy tech firm SolarEdge to list on S&P 500 index,2021-12-06,4591.67
Hedge Funds' 25 Top Blue-Chip Stocks to Buy Now,2021-12-06,4591.67
Equal-Weight Strategy ETF Outpaces Health Care Index,2021-12-07,4686.75
Dow surges 500 points after Omicron sell-off,2021-12-07,4686.75
"Why this month echoes December 2018 when stocks plummeted, according to top strategist",2021-12-08,4701.21
What Goes Up …,2021-12-09,4667.45
"S&P 500 rises to record close Friday despite inflation fears, posts best week since February",2021-12-09,4667.45
The Company With The Youngest 20-Something CEO Tops Warren Buffett,2021-12-10,4712.02
This Legal Way To Dodge Taxes Is Working Again This Year,2021-12-16,4668.67
S&P 500 Beaters? Bank Of America Names Top 11 Picks For 2022,2021-12-20,4568.02
Walmart Appears To Be Greener Than Costco. But Is It Really?,2021-12-20,4568.02
"Stocks finish higher, scoring record highs for S&P 500, Dow",2021-12-29,4793.06
"Stock Market News for Dec 29, 2021",2021-12-29,4793.06
"Stocks Open Slightly Higher; S&P 500, Dow Hover Near Records",2021-12-30,4778.73
"2021 stock market recap: high risk, high reward - The Washington Post",2021-12-31,4766.18
Top 7 Dividend ETF Picks For 2022 - ETF Focus on TheStreet: ETF research and Trade Ideas,2022-01-03,4796.56
Charted: S&P 500 recorded 70 closing highs in 2021,2022-01-03,4796.56
Byron Wien Sees Stocks Stalling in 2022 as Rates Rise,2022-01-03,4796.56
"Stock market news live updates: Stock futures unchanged after Dow, S&P 500 start year at all-time highs",2022-01-04,4793.54
"Dow, S&P 500 Nab Intraday Highs as Bond Yields Rise",2022-01-04,4793.54
LIVE MARKETS 2021 saw a lot less volatility in the S&P 500,2022-01-05,4700.58
"Bitcoin’s Correlation With S&P 500, Nasdaq Hits Highest Level Since July 2020",2022-01-11,4713.07
"Crypto Prices Move More in Sync With Stocks, Posing New Risks",2022-01-11,4713.07
"Bitcoin and Stocks Are More Correlated, Posing Market Risks, Says IMF",2022-01-11,4713.07
Big Lots is opening 500 stores,2022-01-12,4726.35
10 of the Oldest Companies in the S&P 500,2022-01-13,4659.03
Investors Race To Buy 13 'Cheap' S&P 500 Value Stocks,2022-01-18,4577.11
"Short interest declines in US stocks, signaling a bear retreat",2022-01-19,4532.76
"Stock Market News for Jan 20, 2022",2022-01-20,4482.73
"Historical Returns For Stocks, Bonds & Cash Back to 1928",2022-01-21,4397.94
"US stock markets closing: How S&P 500, Dow Jones, Nasdaq, Russell 2000 fared on Thursday",2022-01-21,4397.94
Wall Street plunges through 'white knuckle' zone before closing slightly higher,2022-01-24,4410.13
"Stock-Market News: Stocks Sink With Fed Meeting, Tech Earnings on Tap",2022-01-24,4410.13
"Dow closes lower, but well off session lows in another massive comeback",2022-01-24,4410.13
This is Normal,2022-01-25,4356.45
Primecap Odyssey Growth Has a Rough Year,2022-01-26,4349.93
"How the 'world's first' AI-managed ETF stacks up, almost five years later",2022-01-26,4349.93
Dow gains more than 500 points in best day of 2022 to wrap up wild week,2022-01-27,4326.51
"Stock Market Today: Dow, S&P Live Updates for Feb. 1, 2022",2022-01-31,4515.55
Ken Griffin's Hedge Fund Reportedly Crushed S&P 500 in January,2022-02-03,4477.44
Quiet Day for the S&P 500 and Wall Street,2022-02-07,4483.87
A 50% Decline Will Only Be A Correction | investing.com,2022-02-08,4521.54
The Drum,2022-02-10,4504.08
LIVE MARKETS What history says about geopolitics and the market,2022-02-18,4348.87
How Options Expiration Keeps Crushing the Stock Market,2022-02-22,4304.76
Is Flowserve Stock A Buy At $32?,2022-02-23,4225.5
Can Quality ETFs be Good Bets as Russia-Ukraine Tensions Rise?,2022-02-23,4225.5
Four Large-Cap Value ETFs That Morningstar Likes,2022-02-23,4225.5
Reliance Standard Launches New Annuity Product: Reliance Accumulator™,2022-02-23,4225.5
Moneybox moves into ETFs with expanded investment offering,2022-02-24,4288.7
Live updates: US stocks rise as Russia opens possibility of diplomacy,2022-02-25,4384.65
Why the TSX Outperformed the Nasdaq in the 2022 Market Downturn,2022-03-07,4201.09
Missed Amazon's Split? These Stocks Are Next For The Easy Money,2022-03-11,4204.31
"Dow jumps nearly 600 points, S&P 500 snaps 3-day losing streak as tech stocks bounce, oil prices slide",2022-03-14,4173.11
"Stock market's Monday rally can't halt death cross forming in S&P 500 amid inflation fears, Russia-Ukraine clash",2022-03-14,4173.11
Breaking Down the S&P 500's First 50 Days of 2022,2022-03-16,4357.86
S&P 500 Leads Three-Day Charge While Market Awaits Biden-Xi Talk on Russia,2022-03-18,4463.12
Investing in Dividend Aristocrats ETFs,2022-03-24,4520.16
The SPY ETF Is an Attractive Long-Term Option to Buy in April,2022-03-25,4543.06
Not All Index Funds Charge Low Fees,2022-03-25,4543.06
BofA's Savita Subramanian: Stocks Are in for a Volatile Year,2022-03-28,4575.52
"Stock Market News for Mar 29, 2022",2022-03-29,4631.6
"Caution! This stock surge is a bear market trap, warns BofA",2022-03-30,4602.45
Wall Street falls as S&P suffers biggest quarterly drop in two years,2022-03-31,4530.41
Alphabet vs. the S&P 500: Which Is the Better First Investment?,2022-04-01,4545.86
Bitcoin Ends Q1 Closely Following S&P 500,2022-04-01,4545.86
S&P 500: A Rare 10% Q1 Drop And Pop Is Positive,2022-04-06,4481.15
S&P 500 Stocks: Three Top Gainers Today; Eli Lilly Leads Winners As Casinos Are Bad Bet,2022-04-06,4481.15
How Much Is The S&P 500 Index (Really) Worth And Which ETFs Can We Use?,2022-04-07,4500.21
Why do we report the Dow first?,2022-04-08,4488.28
"The great ASX rebalancing act, and how it can impact share prices",2022-04-08,4488.28
Determining Bitcoin's (BTC) Correlation to the Dollar Index and the S&P 500,2022-04-13,4446.59
Improve Your Portfolio's Health By Investing In Health Care Stocks,2022-04-13,4446.59
"Stock Market Today: Dow, S&P Live Updates for Apr. 15, 2022",2022-04-14,4392.59
Here's How the Stock Market Could Turn $150000 Into $500000,2022-04-14,4392.59
"Markets Rise Despite Another New 2-Year High For US 10-Year Treasury Note - Invesco QQQ Trust, Series 1 (",2022-04-19,4462.21
"S&P 500 Earnings Season Update: April 22, 2022",2022-04-22,4271.78
Big Companies Take a Shine to Stock Splits,2022-04-26,4175.2
Barclays Suspends Sales For 30 iPath ETNs,2022-04-28,4287.5
"Dow sinks 900 points, as S&P 500, Nasdaq post worst month since March 2020",2022-04-29,4131.93
Warren Buffett says 'monkeys' could do as good a job investing as Wall Street financial advisors,2022-05-02,4155.38
This Wall Street legend has lived through every bear market since the 1950s. He says the one coming could hit the S&P 500 with a 30% loss,2022-05-09,3991.24
S&P 500 Definition | Investing Dictionary | U.S. News,2022-05-11,3935.18
Paycom shows off amenity-filled Grapevine office,2022-05-11,3935.18
More than $7 trillion has been wiped out from the stock market this year,2022-05-12,3930.08
ETF of the month: Invesco S&P 500 High Dividend Low Volatility UCITS ETF (HDLG),2022-05-12,3930.08
Why Tesla was kicked out of the S&P 500's ESG index,2022-05-18,3923.68
Elon Musk rips 'phony social justice warriors' as Tesla booted from S&P 500 ESG index,2022-05-18,3923.68
"Why Tesla Was Kicked Out Of S&P 500 ESG Index, And How Musk Responded",2022-05-18,3923.68
Wall Street ends sharply lower as Target and growth stocks sink,2022-05-18,3923.68
Bear Markets & Market Bottoms - Investing,2022-05-19,3900.79
"The Stock Market Correction Feels Bad, But So Far It’s About Average",2022-05-19,3900.79
"Stock Market News for May 20, 2022",2022-05-20,3901.36
Coca-Cola vs. PepsiCo: Which Stock Looks More Promising Moving Forward?,2022-05-20,3901.36
Wall Street ends mixed after punishing week,2022-05-20,3901.36
S&P 500: Largest Negative Price Reaction to Positive EPS Surprises Since 2011,2022-05-20,3901.36
"Australian Dollar, S&P 500 At Risk As Snapchat Earnings Sink Social Media Stocks",2022-05-23,3973.75
The SEC Goes After Greenwashing,2022-05-23,3973.75
What history says happens to stocks if there's a recession,2022-05-23,3973.75
US inflation and stocks: Inflation hammers S&P expectations as margin pressures build | Insights,2022-05-23,3973.75
Is American Funds Growth Portfolio A (GWPAX) a Strong Mutual Fund Pick Right Now?,2022-05-24,3941.48
"Strategy Webinar: DXY, EUR/USD, USD/CAD, S&P 500 & Gold Technicals",2022-05-24,3941.48
How to Trade S&P 500 Futures: A Quick Walk-Through for Investors,2022-05-24,3941.48
ETF industry at loggerheads following Tesla ejection from S&P 500 ESG index,2022-05-24,3941.48
"S&P 500, Dow snap losing streaks for best week since November 2020",2022-05-26,4057.84
S&P 500 Believers See Light Forming in the Market,2022-05-26,4057.84
This ETF Shows That Sometimes High Payout Ratios Work,2022-05-31,4132.15
The Inverse Cramer ETF Is Still Beating the S&P 500 Index by Nearly 7 Percent,2022-06-03,4108.54
ETF investing for beginners - 4 benefits explained - Blog Syfe AU,2022-06-09,4017.82
VIX Index's Prolonged Discount to S&P 500 Volatility Narrows,2022-06-10,3900.86
Highest Number of S&P 500 Companies Citing “Inflation” on Q1 Earnings Calls in Over 10 Years,2022-06-10,3900.86
Valuation Trauma Is Refusing to End for S&P 500 in Free Fall,2022-06-10,3900.86
BofA survey signals 'deeper investor misery' as S&P enters bear market,2022-06-14,3735.48
Stocks Cross the Line Into 'Bear Market' as Inflation Worries Peak Before Pivotal Fed Meeting | Market Insights,2022-06-14,3735.48
Stock Markets Fall After Fed Rally Fades,2022-06-16,3666.77
U.S. stocks meander after sharp drop on economic concerns,2022-06-17,3674.84
"Stock Market News for Jun 21, 2022",2022-06-21,3764.79
Stock Performance in Every Recession Since 1980,2022-06-23,3795.73
"Stock Market News for Jun 24, 2022",2022-06-24,3911.74
"Stock Market Today: Dow, S&P Live Updates for Jun. 28, 2022",2022-06-27,3900.11
Dow falls nearly 500 points as bear market bounce loses steam,2022-06-27,3900.11
The Russell 1000 Index – Forbes Advisor - Investing,2022-06-27,3900.11
Top Healthcare Stocks: Is Healthcare Ultimate Defensive Play?,2022-06-29,3818.83
Wynn Tops BofA List of US Stocks with China Exposure,2022-06-30,3785.38
"Stocks slide to close worst first half in 52 years: S&P 500 plunges 20.6% YTD, 8.4% in June",2022-06-30,3785.38
Amazon vs. the S&P 500: Which Is the Better First Investment?,2022-06-30,3785.38
S&P 500 Weekly Price Forecast – The Stock Market Continues to Plummet,2022-07-01,3825.33
S&P 500 Negative EPS Guidance Is Above Average but Not at Peak Levels,2022-07-05,3831.39
The Value of Equal Weighting by Sector,2022-07-06,3845.08
Energy Stocks Were the Place to Hide Out This Year. Not Anymore,2022-07-08,3899.38
2 ETFs Warren Buffett Owns Through Berkshire Hathaway -- Should You Buy Them Too?,2022-07-11,3854.43
"US inflation hit 40-year high in June, driven by record gas prices",2022-07-13,3801.78
Bank of America slashes S&P 500 target to ‘lowest on the Street’ after recession forecast,2022-07-14,3790.38
Really Bad News Is Coming To These 10 Companies Next,2022-07-15,3863.16
"Correlation between India and US markets hits 17-month high, shows data",2022-07-21,3998.95
Best Performing Dividend ETFs For The 1st Half Of 2022,2022-07-22,3961.63
"Recession or not, the stock market is doing fine - Economy",2022-07-29,4130.29
Analysts Making Larger Cuts Than Average to EPS Estimates for S&P 500 Companies for Q3,2022-08-01,4118.63
S&P 500 ends see-saw session lower as Pelosi visits Taiwan,2022-08-02,4091.19
"Stock Market News for Aug 2, 2022",2022-08-02,4091.19
Nightshare ETFs Trying to Make Investors Money Overnight Stumble,2022-08-04,4151.94
Is the worst over for US stocks?,2022-08-10,4210.24
"Ex-Energy, S&P 500 Reporting a Year-Over-Year Decline in Earnings of 4% for Q2",2022-08-11,4207.27
"S&P 500 closes flat, Nasdaq dips as market comeback rally takes a breather",2022-08-11,4207.27
The Technical Indicator That Always Calls the End of Bear Markets,2022-08-12,4280.15
"Dow jumps 400 points as S&P 500, Nasdaq clinch longest winning streak since November",2022-08-12,4280.15
Apple's Big Rally Gives Stock Bulls Something to Cheer About,2022-08-12,4280.15
S&P 500: Bull Leg In Trading Range?,2022-08-15,4297.14
S&P 3500 By Year End If QT Continues - RIA,2022-08-17,4274.04
"Stock Market Crash Isn't Over, According To Indicator With 'Perfect' Track Record",2022-08-17,4274.04
2021: The Year of CFO Turnover and Strides in Gender Diversity,2022-08-19,4228.48
The Unsung Hero of Fundstrat: Mark Newton,2022-08-24,4140.77
"S&P 500, Nasdaq Futures Firm Up Ahead Of Fed Jackson Hole Event, Q2 GDP Data; Tesla In Focus Today",2022-08-25,4199.12
SPDR S&P 500 ETF Trust (SPY) News and Forecast: Jackson Hole looking increasingly hawkish,2022-08-26,4057.66
The 8 Most Profitable U.S. Companies Practically Print Money,2022-08-29,4030.61
"Bermuda Public Companies Update, August 2022",2022-08-29,4030.61
"To make money in the stock market, do nothing",2022-08-29,4030.61
"S&P 500, Nasdaq, Dow Pull Back: Good News is Bad News for Stocks",2022-08-31,3955.0
"S&P/TSX composite down in late-morning trading, U.S. stock markets also lower",2022-08-31,3955.0
Vanguard Launches First Index Fund For US Retail Investors 46 Years Ago Today - Vanguard S&P 500 ETF (ARC,2022-08-31,3955.0
Stock Market Tips: Why Is September a Bad Month for Stocks?,2022-09-01,3966.85
These 12 Stocks Help You Avoid Losing Money In September,2022-09-02,3924.26
The coming long-run slowdown in corporate profit growth and stock returns,2022-09-06,3908.19
S&P 500 Outlook Turns Bearish (Elliott wave forecast & analysis),2022-09-13,3932.69
"To Make Money in the Stock Market, Do Nothing (Published 2022)",2022-09-14,3946.01
"CoStar Group, Inc. Announces Public Offering of Common Stock in Conjunction with Inclusion into the S&P 500 Index",2022-09-14,3946.01
Here's What Happens To Stocks When The Fed Raises Rates By 100 Basis Points,2022-09-15,3901.35
S&P 500 futures drop after FedEx stokes fears about economy,2022-09-15,3901.35
Wall Street ends choppy session higher with focus firmly on Fed,2022-09-19,3899.89
"दिन का चार्ट: सभी S&P 500 ट्रेंड्स सिंक्रनाइज़ हो रहे हैं, और वे निचले स्तर पर जा रहे हैं | Investing.com",2022-09-19,3899.89
4 alternative investments that can lead to big returns,2022-09-21,3789.93
Think Your Losses Hurt? 5 Hardest-Hit Investors Lose $160 Billion,2022-09-21,3789.93
10 Super Low-Risk Ways To Profit From The Fed's Rate Hikes,2022-09-22,3757.99
How To Deal With A Stock Market Correction – Forbes Advisor,2022-09-23,3693.23
How We Handled Swing Trading S&P 500 In A Bear Market,2022-09-23,3693.23
"Live news updates from September 26: Sterling falls to record low, S&P 500 closes at 21-month low",2022-09-26,3655.04
What’s Driving Vertex Pharmaceuticals Stock Higher?,2022-09-29,3640.47
The S&P 500 just dropped to its lowest level since late 2020,2022-09-29,3640.47
"Recession's Market Impact May Already Be Priced In, Says Vanguard CIO | Chief Investment Officer",2022-09-29,3640.47
"Microsoft, Google parent Alphabet, and nearly a fifth of S&P 500 hits 52-week lows",2022-09-30,3585.62
September was the worst month for stocks since the pandemic hit the U.S.,2022-09-30,3585.62
The 'kiss of death' signal just triggered on the markets,2022-10-03,3678.43
"Stock Market Today: Dow, S&P Live Updates for Oct. 4, 2022",2022-10-03,3678.43
Should You Buy Linde Stock At $270?,2022-10-05,3783.28
"US Stock Rally Is Sending a Bullish Signal, BofA Strategist Says",2022-10-05,3783.28
"Jamie Dimon's S&P 500 Bear Market: Brutal, Far From Unimaginable",2022-10-11,3588.84
Which ETF is a Dependable Stock Market Indicator,2022-10-12,3577.03
Animation: Berkshire Hathaway's Holdings Since 1994,2022-10-13,3669.91
Chile has outperformed other emerging markets and the S&P 500 this year. Here's how,2022-10-14,3583.07
Stock Market Outlook: Brian Belski Latest Bull to Cut S&P 500 Price Target,2022-10-14,3583.07
"Undervalued or Overvalued, Where Do Equities Stand? - OpenMarkets",2022-10-17,3677.95
Wall Street's most vocal bull just got a lot more wary of the economy,2022-10-18,3719.98
The Top 7 ETFs for Day Trading,2022-10-21,3752.75
S&P 500 adds to mid-October rebound from bear market low,2022-10-25,3859.11
"S&P 500 Forecast (SPY) (SPX) (US500): US GDP confuses, so now Apple stock to set direction",2022-10-27,3807.3
The Fed is killing the housing market,2022-10-28,3901.06
ExxonMobil posts another record profit as oil prices remain high,2022-10-28,3901.06
(10/31/22) Ethereum Versus the S&P 500 - Which Is Your Preference?,2022-10-31,3871.98
11 Best Dividend Stocks Under $20,2022-10-31,3871.98
Here's how top CEOs are opening up their wallets for J.D. Vance and other candidates in key Senate races,2022-11-03,3719.89
"World, Global Markets News Today: Know about Asian Stocks, DAX, CAC40, FTSE, S&P 500, Dow Jones Industr...",2022-11-08,3828.11
Remember these squiggly lines when analysts talk about earnings forecasts,2022-11-10,3956.37
Wall Street Goes Crazy: The Numbers,2022-11-10,3956.37
Natixis Investment Managers Solutions Celebrates 20-Year Anniversary of AIA S&P 500® Direct Indexing Strategy,2022-11-10,3956.37
QDIV: A Quality Dividend Strategy for a Late Cycle Environment,2022-11-14,3957.25
"Robinhood Is Now Offering Options Contracts That Expire Every Day Of The Week - Invesco QQQ Trust, Series",2022-11-15,3991.73
The Top Wall Street Firms Beating the S&P 500 in 2022 - TipRanks.com,2022-11-17,3946.56
S&P 500's equity premium falls,2022-11-17,3946.56
How Apple Stock Continues To Impressively Outperform,2022-11-18,3965.34
"Charts suggest the S&P 500 will rally in December, Jim Cramer says",2022-11-21,3949.94
"S&P 500 to bottom in the first quarter, creating a ‘terrific buying opportunity,’ says Morgan Stanley’s Wilson",2022-11-21,3949.94
3 REITs That Should Survive Dividend Cuts In A Bad Recession,2022-11-21,3949.94
Chart: How stocks have performed on every Black Friday going back to 1950,2022-11-25,4026.12
Goldman Sachs sees stocks enduring 'less pain but also no gain' in 2023,2022-11-28,3963.94
The Next Secular Bear Market May Be Upon Us - RIA,2022-11-29,3957.63
Looming S&P 500 bear case sees 15% drop on Fed balance-sheet unwind,2022-11-29,3957.63
Trader Makes $36 Million Options Bet on S&P 500 Stock Rally in December,2022-11-30,4080.11
Morgan Stanley strategist predicts S&P will drop to 3000 next year,2022-11-30,4080.11
Chart of the Day: S&P 500 Short-Term Bulls Face-Off Medium-Term Bears,2022-11-30,4080.11
This trader sees a 43% drop for the S&P 500 and says to take shelter in these ETFs instead.,2022-12-01,4076.57
"S&P 500 Breaks Tight Range and Overtakes 200-Day Moving Average, Inflation and NFPs Ahead",2022-12-01,4076.57
10 Dividend Aristocrat stocks expected by analysts to rise up to 54% in 2023,2022-12-05,3998.84
Is the iShares S&P 500 ETF (IVV) really down 95% today?,2022-12-09,3934.38
"Wells Fargo Investment Institute 2023 Outlook: A Year of Recession, Recovery, and Rebound",2022-12-09,3934.38
Top Money Managers See Global Stocks Gaining in 2023,2022-12-09,3934.38
"Dow tumbles 300 points Friday, posts worst week since September",2022-12-09,3934.38
Industry Analysts Predict a 13% Price Increase for S&P 500 in 2023,2022-12-12,3990.56
"In A Peculiar Move, Volatility Rises Same Time As Stocks Rally On Monday: Here's What Happened",2022-12-13,4019.65
First Solar becomes third clean energy company to join S&P 500 Index,2022-12-14,3995.32
"If Warren Buffett Could Tell You 1 Investment to Make, This Would Probably Be It",2022-12-14,3995.32
Recession 2023: central banks interest rate rise will cause a longer recession than you're use to,2022-12-16,3852.36
5 Unlucky Investors Loaded Up On Year's Worst Stocks,2022-12-19,3817.66
"Motilal Oswal MF to reopen global funds for SIPs, lump sum investments without restrictions",2022-12-20,3821.62
"S&P 500 and Nasdaq close higher Friday, but fall for a third straight week",2022-12-23,3844.82
A Technical Look Ahead To 2023,2022-12-23,3844.82
7 Stocks Pay Off Big During Santa Claus Rally,2022-12-27,3829.25
"Meta, Tesla and Match Are Among the 10 Biggest S&P 500 Losers in 2022",2022-12-27,3829.25
Tough Times Ahead for the S&P 500,2022-12-28,3783.22
Santa Claus rally yet to emerge. What could this mean for 2023 stocks?,2022-12-29,3849.28
"Stocks fall to end Wall Street's worst year since 2008, S&P 500 finishes 2022 down nearly 20%",2022-12-30,3839.5
"US stocks will rebound 24% in 2023 as Fed tightening will no longer 'crush the market', Fundstrat's Tom Lee says",2023-01-03,3824.14
"Stock Market News for Jan 4, 2023",2023-01-04,3852.97
Short sellers made $300 billion in 2022's market wipeout,2023-01-04,3852.97
Citi Strategists Prefer Cheaper Europe Stocks Over US Equities,2023-01-06,3895.08
Nancy Pelosi's Portfolio Plunged 20% in 2022 Stock Market Crash,2023-01-09,3892.09
"Stock Market News for Jan 9, 2023",2023-01-09,3892.09
'Queen of Stonks' Nancy Pelosi's portfolio of stocks plunged 20% last year – meaning she even underperformed funds ...,2023-01-09,3892.09
Are More S&P 500 Companies Issuing Negative EPS Guidance Than Average for Q4?,2023-01-09,3892.09
These 15 Dividend Aristocrat stocks have been the best income builders,2023-01-09,3892.09
"Stocks could slump another 20%, Morgan Stanley says",2023-01-09,3892.09
What can I hold in an FHSA?,2023-01-09,3892.09
"SPGP Outperforms S&P 500 Over 1-,3-,10-Year Periods",2023-01-10,3919.25
Retail Investors Sold the Stocks They Bought During COVID Trading Boom,2023-01-12,3983.17
Bear Market Watch: What Will Mean a Bull Market Has Started?,2023-01-12,3983.17
IT sector jumps to record share of Value index,2023-01-17,3990.97
What a Recession Would Mean for the Stock Market,2023-01-19,3898.85
Getting a Technical Perspective on S&P 500,2023-01-23,4019.81
"Stock Market News for Jan 23, 2023",2023-01-23,4019.81
Wall Street rises as chipmakers lead tech shares higher; Nasdaq up 1%,2023-01-23,4019.81
'The Fed-fueled fantasy bubble has popped.' Stock investors are detached from reality -- but they're about to get a big dose.,2023-01-23,4019.81
"S&P 500 earnings, week of Jan. 23: 70 companies to report",2023-01-23,4019.81
Jeremy Grantham Says the Stock Market Could Crash 50% This Year,2023-01-24,4016.95
Jeremy Grantham says 'easiest leg' of stock-market bubble burst is over. What's next.,2023-01-24,4016.95
S&P 500 rises again as tech shines on latest earnings,2023-01-24,4016.95
"Stock Market News for Jan 24, 2023",2023-01-24,4016.95
"What is a crypto index fund, and how to invest in it?",2023-01-25,4016.22
"Stock Market Today: Dow, S&P Live Updates for Jan. 26",2023-01-25,4016.22
Doug Kass's Latest Thoughts on Stocks,2023-01-25,4016.22
"S&P 500 rallies to close at nearly 2-month high, Nasdaq advances 1.8% as investors digest GDP report, earnings",2023-01-26,4060.43
"S&P 500 achieves first 'golden cross' in 2½ years, but this doesn't guarantee more gains ahead",2023-01-27,4070.56
Adani slams US short seller ‘attack on India’ as stock rout hits $70 billion,2023-01-30,4017.77
"Warren Buffett's Top Investing Advice Is Overcrowded, so Buy Small-Cap Value",2023-01-30,4017.77
Top 25 Lowest P/E Ratios of the S&P 500,2023-01-31,4076.6
"The Comeback King: For 40 Years, John Rogers Has Come Out Of Bear Markets Stronger",2023-02-01,4119.21
January's “Trifecta” Signals Higher Stock Prices In 2023,2023-02-01,4119.21
'Disneyland is over': 'The Black Swan' author says the easy money era is over and compares Bitcoin to a 'tumor',2023-02-01,4119.21
"Stock Market Today: Dow, S&P Live Updates for Feb. 2",2023-02-02,4179.76
Just 10 Stocks Drive Half The Year's Monster $2.5 Trillion Rally,2023-02-02,4179.76
Tech Stocks Power the Nasdaq and S&P 500 Higher,2023-02-02,4179.76
"Bitcoin, S&P 500 Close In on Bullish 'Golden Cross' Signal",2023-02-02,4179.76
"S&P 500, Index Funds Outperformed by Stockpickers in 2022",2023-02-02,4179.76
"S&P 500 Earnings Season Update: February 3, 2023",2023-02-03,4136.48
Live updates: Astonishingly strong US jobs report sends stocks wavering,2023-02-03,4136.48
The stock market could jump 21% as bullish indicators flash their strongest signal since 2020,2023-02-06,4111.08
S&P 500 Poised for Short-Term Gains but Long-Term Challenges Loom,2023-02-06,4111.08
'Big Short' investor Michael Burry compares stock market to dotcom bubble in a cryptic tweet,2023-02-08,4117.86
Is the S&P 500 the Best Way to Play the U.S. Market?,2023-02-08,4117.86
It's a New Year for Bill Ackman,2023-02-09,4081.5
The Next CPI Report: What to Expect,2023-02-13,4137.29
7 Stocks Generate An Astounding 25% Of The S&P 500's Profit,2023-02-14,4136.13
2022 Investor Voting Report,2023-02-14,4136.13
The 100 Most Overpaid CEOs 2023,2023-02-15,4147.6
This Valentine's Day Stock Stat Could Signal a Sweet 2023,2023-02-15,4147.6
S&P 500 Haters Now Make Enough in Treasuries to Bid Stocks Farewell,2023-02-15,4147.6
"IBD 50 ETF Off To Good Start In 2023, But Don't Overlook Its Lesser-Known Cousin",2023-02-15,4147.6
One of the World's Richest Investors Just Sent an Ominous Warning to Wall Street,2023-02-16,4090.41
These stocks have been shunned for years. Now investors love them,2023-02-17,4079.09
"Luxury Swiss watches still beat stocks and crypto despite Rolex, Patek drop",2023-02-17,4079.09
S&P 500 notches fourth day of losses after Fed minutes reaffirm tough stance on inflation: Live updates,2023-02-22,3991.05
"Stock Market Today: Dow, S&P Live Updates for Feb. 23",2023-02-22,3991.05
Odds & Ends: 6 Vanguard ETFs to See Share Splits,2023-02-24,3970.04
"Wall St ends sharply down, posts biggest weekly drop of 2023",2023-02-24,3970.04
Global X debuts S&P 500 defined outcome ETFs in Europe,2023-02-24,3970.04
Vix Suggests S&P 500 Could Dip to 3800,2023-02-27,3982.24
"US dollar sees setback on weak durable goods orders, but DXY trend holds bullish",2023-02-27,3982.24
'We remain in the soft-landing club': Strategist Ed Yardeni's bullish scenario puts S&P 500 up more than 20% by end of 2023,2023-02-27,3982.24
"Stock Market News for Feb 28, 2023",2023-02-28,3970.15
S&P 500 Mixed as 10-Year Treasury Note Yield Hits Highest Level Since Nov. 10,2023-02-28,3970.15
"Billionaire Leon Cooperman Expects US Recession, 22% Plunge in S&P 500",2023-02-28,3970.15
US Markets Begin the Month Mixed on Familiar Concerns,2023-03-01,3951.39
S&P 500 and Nasdaq 100 attempt to build higher as latest data gives traders some confidence,2023-03-01,3951.39
What Is The Shiller P/E Ratio?,2023-03-02,3981.35
Should You Still Invest if a Recession Is Coming? Here's What History Says,2023-03-02,3981.35
Stock Market Today: S&P 500 Snaps Weekly Losing Streak,2023-03-03,4045.64
Markets Jump on the Day and Week on Rate Optimism,2023-03-03,4045.64
"Daily Update March 6, 2023",2023-03-06,4048.42
This S&P 500 Stock has Outperformed Tesla in 2023,2023-03-06,4048.42
Growth stock vs. value stock? It's all in the eye of the beholder,2023-03-06,4048.42
"Stock market news today: Stocks pare gains, finish mixed to start busy week",2023-03-06,4048.42
Growth ETFs Diverge Significantly After S&P Rebalance,2023-03-06,4048.42
"Before the Bell: Change in the S&P 500, Rivian to Issue More Debt",2023-03-07,3986.37
Stocks close sharply down after Powell says rates will rise more than expected,2023-03-07,3986.37
"Europe Stocks Outperforming US Equities Is Set to Fade, Says BlackRock",2023-03-07,3986.37
Investors Cash In On 12 'Triple Play' Stocks That Do No Wrong,2023-03-07,3986.37
2 Key Facts Every Investor Needs to Know About S&P 500 Drawdowns,2023-03-09,3918.32
"Stock Market Today: Dow, S&P Live Updates for March 10",2023-03-09,3918.32
2 Key Facts Every Investor Needs to Know About S&P 500 Drawdowns,2023-03-09,3918.32
How Much Money You'd Make Investing in S&P 500 at Market Low,2023-03-09,3918.32
Stock market news today: Stocks smoked after jobs beat and SVB collapses,2023-03-10,3861.59
US futures steady after Fed moves to restore confidence in banking system,2023-03-13,3855.76
GICS Changes Could Highlight Equal Weight Opportunity,2023-03-14,3919.29
Ethical Investment Opportunities – A Look Into Cboe's S&P 500 ESG Index Options,2023-03-14,3919.29
0DTE options: what are they and how do they work?,2023-03-15,3891.93
"Stock Market News for Mar 16, 2023",2023-03-16,3960.28
"Sensex falls over 350 points, Nifty below 16,900 on crisis in US banking sector",2023-03-16,3960.28
GICS Sector Changes: Impact on Sector ETFs,2023-03-17,3916.64
Stock market news today: Stocks slide Friday to cap hectic week of trading,2023-03-17,3916.64
Sector Views March 2023: GICS Change Adds Growth to Financials,2023-03-20,3951.57
Dow Jones Futures: Markets Still Fragile After Credit Suisse Deal; First Republic Dives,2023-03-20,3951.57
"S&P 500: Crashing Bank Stock, Dow Giant Lead Losers",2023-03-20,3951.57
Apple and Microsoft Weight in S&P 500 Reaches Record High,2023-03-22,3936.97
QQQ ETF outperforms S&P 500 after Fed decision,2023-03-22,3936.97
Axis Mutual Fund launches Axis S&P 500 ETF Fund of Fund,2023-03-22,3936.97
Technology stocks like Microsoft and Apple are outperforming the S&P 500 by the widest margin in years,2023-03-22,3936.97
Stock Market News Today: Stocks Hammered as Powell's Speech Spooks Investors - TipRanks.com,2023-03-22,3936.97
3 reasons why I rate the iShares S&P 500 ETF (IVV) as a buy today,2023-03-23,3948.72
Markets Drop on Renewed Concerns About Rate Hikes,2023-03-28,3971.27
Wild stock market reversals put dip-buyers on pace for historic year,2023-03-30,4050.83
Indexes jump on inflation data; Nasdaq posts best quarter since 2020,2023-03-31,4109.31
April is usually the best month for the Dow. Here's how much it typically goes up and why,2023-03-31,4109.31
"Sentiment Toward Stocks Hasn't Been This Bad in Years, Bank of America Says",2023-04-03,4124.51
"US STOCKS-S&P 500, Nasdaq fall as inflation worries resurface; Tesla slides",2023-04-03,4124.51
Wall Street drops as weak economic data fuels recession fears,2023-04-04,4100.6
JPMorgan’s Jamie Dimon warns banking crisis will be felt for ‘years to come’,2023-04-04,4100.6
14 dividend stocks yielding 4% or more that are expected to keep raising payouts,2023-04-05,4090.38
50% Retracement Level Remerging for the S&P 500,2023-04-05,4090.38
"S&P, Nasdaq fall as recession worries mount on weak economic data",2023-04-05,4090.38
Highest Number of S&P 500 Companies Issuing Negative EPS Guidance Since Q3 2019,2023-04-06,4105.02
US stock market: S&P 500 ends lower as recession fears take center stage,2023-04-06,4105.02
"Stock Market Today: Dow, S&P Live Updates for April 7",2023-04-06,4105.02
Just 20 stocks on the S&P 500 are responsible for nearly all its gains this year as Big Tech leads rally,2023-04-10,4109.11
Stock Market News Today: S&P 500 Falls After Jobs Report,2023-04-10,4109.11
Surging Tech Stocks Are About to Run Into an Earnings Season Buzzsaw,2023-04-11,4108.94
Ahead of Market: 10 things that will decide D-Street action on Wednesday,2023-04-11,4108.94
Hot Take: Procter & Gamble Could Underperform the S&P 500. Here's Why.,2023-04-11,4108.94
"Nasdaq 100, Dow Jones, S&P 500: Higher on Positive Inflation Report, Triton Acquisition Deal",2023-04-12,4091.95
Yield Curve Inversion: A Bad Sign for Stocks,2023-04-12,4091.95
Warren Buffett gives reason for surprise sale of stake in Taiwan’s TSMC,2023-04-12,4091.95
"Stocks mixed, tech slumps as all eyes turn to inflation data: Stock market news today",2023-04-13,4146.22
Stocks Just Flashed Another Signal That a New Bull Market Has Begun,2023-04-14,4137.64
"US stock market news: Dow Jones, S&P 500, Nasdaq rise up to 2% as inflation data feeds Fed pause hopes",2023-04-14,4137.64
How TFSA and RRSP Investors Can Turn $20000 Into $330000 in 30 Years,2023-04-14,4137.64
Could the stock market power through a recession? 'This would be rare.',2023-04-17,4151.32
"Wall St ends higher; investors await earnings, Fed cues",2023-04-17,4151.32
1 Warren Buffett Index Fund Could Turn $100 Per Week into $1 Million,2023-04-17,4151.32
"Stock Market Keeps Going Up, But Skeptics Hold Tight to the Bear Case",2023-04-17,4151.32
"Earnings Season Is Off to Best Start in a Decade, Bank of America Says",2023-04-17,4151.32
Russell 2000 Index Weakens As Bank Components Take It Down,2023-04-17,4151.32
Why Snap is suddenly eligible to join the S&P 500,2023-04-18,4154.87
"Up 8.2% In 2023, Is It Safe to Invest In the S&P 500 Right Now?",2023-04-18,4154.87
"S&P 500 ekes out gain as tech supports, J&J, Goldman disappoint",2023-04-18,4154.87
Short interest in consumer staples stocks falls in March as recession fears rise,2023-04-18,4154.87
"Nasdaq 100, Dow Jones, S&P 500: Investors Eyeing Earnings Reports from Bank of America, Goldman Sachs",2023-04-18,4154.87
Investing For Kids: Give The Gift Of Stock,2023-04-20,4129.79
Dow closes slightly lower following JPMorgan’s takeover of fallen First Republic: Live updates,2023-05-01,4167.87
"Federal Reserve May Be Done Hiking, But Powell Leaves Doubt; S&P 500 Falls",2023-05-03,4090.75
"US markets jump marginally, European market closes slightly higher ahead of Feds policy decision",2023-05-03,4090.75
Wall Street ends down on nagging uncertainty about Fed rate path,2023-05-03,4090.75
'S&P 500 to hit 3500': J.P. Morgan warns of 15% drop by summer — here are 2 stocks to help protect you from the pain,2023-05-03,4090.75
"Nasdaq 100, Dow Jones, S&P 500: Stocks Rise Slightly Ahead of Federal Reserve’s Policy Announcement",2023-05-04,4061.22
"Listening to Earnings, But Hearing Implied Growth – Global X ETFs",2023-05-04,4061.22
"Stock Market News Today: S&P 500 Aided by Apple, Big Jobs Gain",2023-05-05,4136.25
"S&P 500, Dow open higher led by regional banks",2023-05-08,4138.12
"Stocks close lower as investors eye inflation data, White House meeting on debt ceiling: Live updates",2023-05-09,4119.17
Why bank stocks are so unstable,2023-05-09,4119.17
16 Stocks Run Circles Around Warren Buffett Over The Long Haul,2023-05-09,4119.17
"Wall Street closes down as focus shifts to inflation data, debt talks",2023-05-09,4119.17
‘Sell in May and Go Away’ does not suggest that market will fall – Here’s what it means,2023-05-11,4130.62
How Accurate Is Sell In May And Go Away?,2023-05-12,4124.08
"Our vision is to help masses optimise their wealth creation journey: Ravi Kumar, Upstox",2023-05-15,4136.28
Western Digital stock leads S&P 500 gainers on Kioxia merger report,2023-05-15,4136.28
Vanderbilt students manage $500K portfolio in TVA Investment Challenge Program,2023-05-15,4136.28
"Billionaire investor forecasts S&P 500 to rise in 2023, despite recession fears",2023-05-16,4109.9
"Dow Jones, S&P 500 Outlook: Retail Traders Boost Upside Bets as Support Levels Near",2023-05-16,4109.9
Growth Stocks Are Back — Analysts Like These 8 The Best,2023-05-17,4158.77
Monthly Covered Call Commentary – Global X ETFs,2023-05-17,4158.77
"Stock Market (SPX) Keep Rallying, Defying Doom Scenarios",2023-05-19,4191.98
"NASDAQ 100, Dow Jones, S&P 500: Investor Confidence Grows Amidst Debt Ceiling Talks, Strong Earnings",2023-05-19,4191.98
"Stock Market News for May 19, 2023",2023-05-19,4191.98
Wall Street ends mixed as investors await debt ceiling talks,2023-05-22,4192.63
"Dow Jones, Nasdaq, S&P 500 weekly preview: BofA gets more bullish",2023-05-22,4192.63
Hedge Funds Rush to Buy Stocks With S&P 500 Nearing Key Level,2023-05-22,4192.63
"If you invested $1,000 in this one stock just 10 years ago, you'd be $575,000 richer. Can you guess what it is? The answer might surprise you.",2023-05-22,4192.63
How to Recover After a Loss in the Stock Market,2023-05-22,4192.63
S&P Sheds $500 Billion from Fake Pentagon Explosion,2023-05-22,4192.63
Stock Market News Today: S&P 500 Falls As Debt Talks Drag on,2023-05-23,4145.58
"Stock Market Today: Dow, S&P Live Updates for May 24",2023-05-23,4145.58
Goldman Sachs says weak investment flows suggest limited upside for the S&P 500,2023-05-23,4145.58
"The S&P 500 is up 8% this year, but most stocks are down—here's what it means for your money",2023-05-24,4115.24
"Market With Narrow Breadth Likely to Slump, Stovall Says | Chief Investment Officer",2023-05-26,4205.45
Stock Market's ‘Tremendous Bifurcation' Creates an S&P 495,2023-05-26,4205.45
"'Few are priced for an upcrash.' The S&P 500 could reach 4,600 this year, thanks to pessimism, says RBC.",2023-05-30,4205.52
"Stock Market News for May 30, 2023",2023-05-30,4205.52
A New Artificial Intelligence ETF Simplifies Asset Allocation,2023-05-30,4205.52
Best Index Funds for a Low-Priced Portfolio,2023-06-01,4221.02
"S&P 500, Nasdaq 100 Drop on Global Growth Woes and Still-Tight US Labor Market?",2023-06-01,4221.02
"2023 Proxy Season: More Proposals, Lower Support",2023-06-01,4221.02
"Apple, Nvidia, Meta, Lead Market Rally (Why That's Not Good)",2023-06-02,4282.37
Is The Market Running Out Of Breadth?,2023-06-02,4282.37
"3M, Caterpillar stocks lead unanimous rally in the S&P 500’s industrials sector",2023-06-02,4282.37
Palo Alto Networks To Join S&P 500 Index: Here Are All The S&P Index Changes,2023-06-05,4273.79
Top-heavy and ultra-narrow - Wall St needs to bulk out,2023-06-05,4273.79
China's May trade data disappoints; Asia markets mixed after S&P 500 marks highest 2023 level,2023-06-05,4273.79
S&P 500 ends lower as traders eye potential pause in rate hikes,2023-06-05,4273.79
"Big Tech's added bulk in S&P 500 in 2023 outweighs index’s energy sector, DataTrek says",2023-06-06,4283.85
S&P 500 at 9-Months Highs as Bulls Assert Dominance but Downside Risks Build,2023-06-06,4283.85
"S&P 500, Nasdaq close lower as traders cash in on latest megacap rally",2023-06-07,4267.52
"S&P 500, Nasdaq end lower as Treasury yields rise on Fed rate hike expectations",2023-06-07,4267.52
Wall Street ends up amid record low volatility ahead of eventful week,2023-06-08,4293.93
The S&P 500 Is in a Bull Market. Will It Last?,2023-06-09,4298.86
"S&P 500 Bull Market Kicks Off, But The Dominance Of 7 Stocks Leaves S&P 493 In The Dust",2023-06-09,4298.86
CPI Inflation Rate Falls To 4%; Futures Rise Ahead Of Fed,2023-06-13,4369.01
S&P 500 and Nasdaq close at highest since April 2022,2023-06-13,4369.01
SPX: S&P 500 Breaks Above 4330 to Hit a 52-week High,2023-06-13,4369.01
Federal Reserve Meeting Shock: Two More Rate Hikes Eyed; S&P 500 Hangs Tough,2023-06-14,4372.59
How much could AI boost US stocks?,2023-06-14,4372.59
Is Invesco S&P 500 Equal Weight ETF (RSP) a Strong ETF Right Now?,2023-06-14,4372.59
Fundstrat's Tom Lee shares his S&P 500 target for 2024 and names stocks to buy,2023-06-15,4425.84
"Stock Market Today: Dow, S&P Live Updates for June 16",2023-06-15,4425.84
S&P 500 ends lower as Microsoft recedes from record high,2023-06-16,4409.59
How Cheap (or Expensive) is the Stock Market Right Now?,2023-06-16,4409.59
"Tech Futures Up As Adobe Hails 'AI Era,' But This Risk Is Rising",2023-06-16,4409.59
Wall Street's new consensus: AI will drive the stock market higher,2023-06-21,4365.69
The Ultra-Wealthy Love This $579 Billion Recession-Proof Industry Outperforming The S&P 500,2023-06-21,4365.69
"Short Bets on US Stocks Hit $1 Trillion, Most Since April 2022",2023-06-21,4365.69
"The AI boom will stay with the S&P 500, says Wall Street firm bumping up target",2023-06-21,4365.69
What Is The Great Recession? – Forbes Advisor,2023-06-21,4365.69
Wall Street ends higher as Powell wraps up testimony,2023-06-23,4348.33
"Take the Zacks Approach to Beat the Market: Shopify, Oracle, Uber in Focus",2023-06-26,4328.82
Stock market set for big first half gain. What history says about rest of 2023.,2023-06-26,4328.82
Does the New Standard and Poor's 500 Bull Market Need a Breather,2023-06-26,4328.82
"Dow Jones, Nasdaq, S&P 500 weekly preview: Tech bull running out of steam? By Investing.com",2023-06-26,4328.82
"S&P 500, Nasdaq futures rise slightly as investors await economic data",2023-06-27,4378.41
Wall Street closes higher as upbeat economic data allays slowdown fears,2023-06-27,4378.41
Forget AI and EVs; 2 Cruise Lines Rank Among Top 5 Stocks in S&P 500,2023-06-28,4376.86
"FTSE 100, DAX 40 and S&P 500 recover",2023-06-28,4376.86
BNP Paribas Asset Management launches its first Irish ETF,2023-06-28,4376.86
American companies are draining their cash at the dumbest possible time,2023-06-28,4376.86
"Stock Market Today: Dow, S&P Live Updates for June 29",2023-06-28,4376.86
Investors are pouring money into this modified S&P 500 stock-market strategy,2023-06-29,4396.44
"Banking shares rally and lift Dow, S&P 500",2023-06-30,4450.38
Moving Averages: S&P Finishes June Up 6.5%,2023-06-30,4450.38
"S&P 500, Nasdaq Ahead of US Jobs Data: No Sign of a Reversal",2023-07-03,4455.59
"Stock Market News for Jul 5, 2023",2023-07-05,4446.82
Stock Investors Are on Notice After Wall Street's Fear Gauge Jumps,2023-07-06,4411.59
Dow Plunges 350 Points As Investors Brace For 'Much More' Aggressive Fed Action,2023-07-06,4411.59
Out-of-sync U.S. stocks hide market risks,2023-07-06,4411.59
"Dow Jones, Nasdaq, S&P 500 weekly preview: Q2 earnings season is here",2023-07-10,4409.53
This stock investing strategy has blown away the S&P 500. Here's a way to refine it for quality.,2023-07-10,4409.53
Stocks on S&P 500 Face Further Losses as Profit Warnings Loom,2023-07-10,4409.53
Dow closes 300 points higher Tuesday as key consumer inflation report looms: Live updates,2023-07-11,4439.26
"NASDAQ 100, Dow Jones, S&P 500: Stocks Soar on Lower Inflation Data; Bank Stocks Lead Rally",2023-07-12,4472.16
"Stock Market Today: Dow, S&P Live Updates for July 13",2023-07-12,4472.16
"S&P 500 Earnings Season Update: July 14, 2023",2023-07-14,4505.42
Investors Who Bet Against Cathie Wood Pay The Price,2023-07-17,4522.79
"Mid-Year Thematic Review: Contrarians 1, Consensus 0 – Global X ETFs",2023-07-17,4522.79
"S&P 500 Outlook: Make or Break Week for Stocks ahead of Netflix, Tesla Earnings",2023-07-18,4554.98
"S&P 500, Nasdaq: Highest Levels in 15 Months",2023-07-18,4554.98
These 4 Bearish Scenarios Could Rock the Stock Market by End of Year,2023-07-19,4565.72
"Dow jumps 100 points for its eighth straight winning day, a first since 2019: Live updates",2023-07-19,4565.72
Kim Kardashian may be the hero the IPO market needs,2023-07-20,4534.87
Double or quits: valuing Wall Street (part 2),2023-07-20,4534.87
"Dow posts 9-day winning streak, while earnings sink Nasdaq, S&P 500",2023-07-20,4534.87
'Nowhere near bubble territory': What 3-year returns say about the stock-market rally,2023-07-20,4534.87
Wall St Week Ahead Relentless U.S. stock rally faces Fed test,2023-07-21,4536.34
S&P 500 rises as defensive stocks shine ahead of big tech earnings,2023-07-21,4536.34
Uber's stock deemed 'hard to ignore' with possible S&P 500 inclusion ahead,2023-07-24,4554.64
S&P 500 Is Moving on From Big Tech - It Could Mean Smaller Stock Gains,2023-07-24,4554.64
Innovator debuts first 'Buffer' ETF with 100% downside protection,2023-07-24,4554.64
I Asked An AI Tool What It Thinks About The Stock Market Rally,2023-07-24,4554.64
"Dow rises nearly 200 points, extends rally to 11 days for longest winning streak in six years: Live updates",2023-07-24,4554.64
"Stock Market Today: Dow, S&P Live Updates for July 25",2023-07-24,4554.64
"S&P 500 rises on tech strength ahead of Microsoft, Alphabet Results",2023-07-25,4567.46
"S&P 500, Nasdaq Update: US Stocks Ease Ahead of FOMC Despite Positive Earnings",2023-07-26,4566.75
"Microsoft, Google Are Key Earnings Movers After S&P 500 Hits New High; Fed Rate Hike Due",2023-07-26,4566.75
"NASDAQ 100, Dow Jones, S&P 500: Coca-Cola Q2 Earnings Surpass Estimates; Investors Eye Fed",2023-07-26,4566.75
S&P 500 Gains and Losses Today: Stocks Dip as Economic Growth Raises Rate Hike Concerns,2023-07-27,4537.41
"US Equity Indices Post FOMC: Nasdaq, S&P 500, Dow Price Setups",2023-07-27,4537.41
Citi raises year-end S&P 500 price target to 4600,2023-07-28,4582.23
"S&P 500 Earnings Season Update: July 28, 2023",2023-07-28,4582.23
Wall Street’s Biggest Bear Mike Wilson Changes Tune on the Rally,2023-07-31,4588.96
A New Big Bull on Wall Street Sees S&P 500 at Record by Year-End,2023-08-01,4576.73
Stocks Slide After Debt Downgrade Even As Experts Dismiss 'Little' Impact On Markets,2023-08-02,4513.39
Dow Beats S&P 500 With Longest Streak of Gains Since 1987,2023-08-03,4501.89
Wall St rises on Amazon boost; bond yields fall,2023-08-04,4478.03
CEO Tenure Rates,2023-08-04,4478.03
"NASDAQ 100, Dow Jones, S&P 500: Investors Eye Inflation Data as Dow Leaps Forward on Strong Earnings",2023-08-07,4518.44
"Dow jumps more than 400 points, S&P 500 and Nasdaq snap four-day losing streaks as stocks rebound: Live updates",2023-08-07,4518.44
"Stock Market Today: Dow, S&P Live Updates for August 8",2023-08-07,4518.44
S&P 500 Gains and Losses Today: Stocks Take Off After Earnings Reports,2023-08-07,4518.44
SPX: S&P 500 Sheds 2.3% For the Week as Jobs Report Signals Economic Cooldown,2023-08-07,4518.44
"Stock Market News for Aug 7, 2023",2023-08-07,4518.44
"US stocks: Wall Street closes up, regains ground as US inflation report nears",2023-08-08,4499.38
"Stock Market News, August 8, 2023: Stocks Tumble on Bank Downgrades, Falling Chinese Exports",2023-08-08,4499.38
"The S&P 500, Dow, and Nasdaq Since Their 2000 Highs",2023-08-08,4499.38
China’s property crisis deepens as another huge developer risks default,2023-08-09,4467.71
"Dow sheds nearly 200 points, Nasdaq drops 1% as August slide resumes ahead of inflation report: Live updates",2023-08-09,4467.71
"Stock Market Today: Dow, S&P Live Updates for August 11",2023-08-10,4468.83
"NASDAQ 100, Dow Jones, S&P 500: Stocks Resilient Ahead of US Inflation Data",2023-08-10,4468.83
Blackout for 'night effect' ETFs,2023-08-10,4468.83
"Dow, S&P 500 and Nasdaq eke out gains, but close below session highs after July's inflation report",2023-08-10,4468.83
S&P 500: 5 Biggest Earnings Season Winners of Q2 2023,2023-08-11,4464.05
"Apple's $500 Billion Buyback Spree Exceeds Visa, Exxon's Market Value",2023-08-11,4464.05
"Zero-Day Options (0DTE) Fueled S&P 500 Stock Selloff, Goldman Sachs Says",2023-08-16,4404.33
"S&P 500 Is Hugely Overvalued, Stock Market Tumble Is Likely: Rosenberg",2023-08-16,4404.33
What are ‘Big Short’ Michael Burry and Warren Buffett seeing that we aren’t?,2023-08-16,4404.33
S&P 500 Gains and Losses Today: Intel Shares Fall After Ending Tower Semiconductor Deal,2023-08-16,4404.33
"Stocks fall a second straight day, Nasdaq drops 1% as Fed cites lingering inflation woes: Live updates",2023-08-16,4404.33
Highest Dividend Payers Are Biggest Losers in S&P 500 | Chief Investment Officer,2023-08-17,4370.36
"Market Sentiment Teeters As US Indices, Including S&P 500, Break Key Supports: Next Levels To Watch",2023-08-17,4370.36
"S&P 500, Dow gain on boost from Cisco",2023-08-17,4370.36
S&P 500 Counter Trend Rally Over?,2023-08-17,4370.36
"S&P 500, Nasdaq close higher after three straight weekly declines",2023-08-21,4399.77
Why Stocks Have Tanked in August and What Wall Street Expects Next,2023-08-22,4387.55
"U.S. stocks open higher, with the S&P 500 extending gains this week",2023-08-22,4387.55
"Global markets update: Tech stocks lead Nasdaq, S&P 500 higher | Mint",2023-08-22,4387.55
"Labor Dept. Cuts Job Gains By 306,000; S&P 500 Rises Ahead Of Fed Chair Powell's Big Speech",2023-08-23,4436.01
"US stock market: Dow, S&P 500 end sharply higher; Nvidia jumps ahead of quarterly results",2023-08-24,4376.31
"Shares rise as Fed weighs inflation risks, yields steady",2023-08-25,4405.71
Wall St Week Ahead Historically stormy month of September may test US stock rally,2023-08-25,4405.71
"Nasdaq Index, Dow Jones, S&P 500 News: Stocks Rise as Markets Gear Up for Powell’s Keynote Remarks",2023-08-25,4405.71
Futures Rise As Rally Attempt Faces Big Questions; What To Do,2023-08-28,4433.31
Warren Buffett Bets His Fortune On One Of 9 'Can't Lose' Stocks,2023-08-28,4433.31
Should SPDR Portfolio S&P 500 High Dividend ETF (SPYD) Be on Your Investing Radar?,2023-08-28,4433.31
US equal-weighted funds shine as investors look beyond Big Tech,2023-08-30,4514.87
Head-and-shoulders starting to form on the S&P 500?,2023-08-30,4514.87
Wall Street ends higher as economic data fuels rate-pause bets,2023-08-30,4514.87
Wall Street ends mixed as inflation data buoys optimism,2023-08-31,4507.66
"U.S. stocks post a losing month, the first for Nasdaq in 2023, ahead of August jobs report",2023-08-31,4507.66
Analysts Are Raising Quarterly S&P 500 EPS Estimates for the First Time Since Q3 2021,2023-09-01,4515.77
Term of the Week: September Effect,2023-09-01,4515.77
"Stock Market News for Sep 5, 2023",2023-09-05,4496.83
"Biden Approval Rating Bounces, Thanks To Investors, Amid S&P 500 Rally",2023-09-05,4496.83
BMO says bull case scenario of S&P 500 at 5050 'becoming more likely',2023-09-06,4465.48
S&P 500 – Is It New Downtrend or Still Just a Correction?,2023-09-07,4451.14
Tech stock valuations creating 'significant divergence' in S&P 500: Strategist,2023-09-08,4457.49
S&P 500 Dividend Aristocrats List: Sorted By Analyst Ratings,2023-09-11,4487.46
"S&P 500: Tesla, Apple Chipmaker Lead Big Movers",2023-09-11,4487.46
WestRock Stock On a Tear After Smurfit Kappa Deal,2023-09-12,4461.9
Here's How Warren Buffett's Favorite Index Fund Could Help Make You a Millionaire,2023-09-12,4461.9
Investors Buy Up 8 Stocks In September And Sell Most Of The Rest,2023-09-12,4461.9
"S&P 500 Q2 2023 Buybacks Decline 18.8%, As Sector Expenditures Shift Again; Buyback Tax Reduced Operating ...",2023-09-12,4461.9
15 Best S&P 500 Stocks For Dividend Growth,2023-09-12,4461.9
"Nasdaq, S&P 500 gain, Treasury yields waver as CPI cements Fed pause",2023-09-13,4467.44
Apple Investors Already Hate The New iPhone 15 More Than Ever,2023-09-13,4467.44
"Markets News, Sept. 13, 2023: Dow Slips, Nasdaq Gains After Core Inflation Accelerated in August",2023-09-13,4467.44
S&P 500 & Sectors: Price-To-Economic Book Value Ratio Is Flat In 2Q23,2023-09-13,4467.44
S&P 500 Economic Earnings: Downward Trend Continues In 2Q23,2023-09-14,4505.1
"Markets News, Sept. 15, 2023: S&P 500, Nasdaq Sink to Close Volatile Week of Trading",2023-09-15,4450.32
Linking ESG initiatives to financial performance,2023-09-15,4450.32
S&P 500 and US Tech: New All-Time Highs by March 2024? | investing.com,2023-09-15,4450.32
"Wall St Week Ahead: Last Fed hike tends to aid stocks, but some have doubts this time",2023-09-15,4450.32
"7 Stocks Will Make You 46% Richer Than 'Magnificent 7,' Analysts",2023-09-15,4450.32
Average Stock Market Return Over the Past 10 Years,2023-09-18,4453.53
Will Alphabet and Amazon be included in the Dow 30 index?,2023-09-18,4453.53
Street Earnings Overstated For 70% Of S&P 500 In 2Q23,2023-09-18,4453.53
S&P 500 Gains and Losses Today: Index Falls After New Interest Rate Hike Concerns Emerge,2023-09-19,4443.95
CEO Succession Practices in the Russell 3000 and S&P 500,2023-09-19,4443.95
Why Fed's Powell Won't Upset The S&P 500,2023-09-19,4443.95
"NASDAQ 100, Dow Jones, S&P 500 News: Wall Street on Edge Ahead of Fed’s Meeting",2023-09-19,4443.95
"Markets News, Sept. 20, 2023: Stocks Sink as Fed Signals One More Rate Hike, Higher for Longer",2023-09-20,4402.2
"S&P 500 to Test Support, Russell 2000 to Break Below; Nasdaq Bottoms: What's Next? | investing.com",2023-09-22,4320.06
"NASDAQ 100, Dow Jones, S&P 500 News: Fed Rate Stance and Shutdown Fears Rattle Markets",2023-09-22,4320.06
"NASDAQ 100, Dow Jones, S&P 500 News: Investors Brace for Extended Fed Rate Hikes",2023-09-25,4337.44
Analysts Predict A 19% S&P 500 Surge Soon — Lifted By 10 Stocks,2023-09-25,4337.44
"US government shutdown would spare markets, heighten recession risk",2023-09-27,4274.51
Bitcoin price holds steady as S&P 500 plunges to 110-day low,2023-09-27,4274.51
Wall Street on Edge After Worst Month of the Year,2023-09-29,4288.05
S&P 500 Gains and Losses Today: Discover Shares Advance After FDIC Agreement,2023-10-02,4288.39
"NASDAQ 100, Dow Jones, S&P 500 News: Markets Exhale as Government Shutdown Averted",2023-10-02,4288.39
Huge Quarter-End Options Trade Offers New S&P Level to Watch,2023-10-02,4288.39
Surveillance: Wells Fargo's S&P 500 Call,2023-10-03,4229.45
Dow sinks by more than 400 points as spiking yields weigh on stocks,2023-10-03,4229.45
"Markets News, Oct. 3, 2023: Dow, S&P 500 Fall to 4-Month Lows as Bond Yields Rise on Jobs Data",2023-10-03,4229.45
Award-winning technical strategist Tom DeMark says S&P 500 will see countertrend rally,2023-10-03,4229.45
"After a Rough First Half, Zions Bancorp Topped S&P 500 Returns in Q3",2023-10-03,4229.45
"Markets News, Oct. 4, 2023: Stocks, Bonds Rebound on Signs of Cooling Labor Market",2023-10-04,4263.75
S&P 500 to Dip Out of Bull Market as 30-Year Rate Nears 5%: What's Next?,2023-10-04,4263.75
"S&P Dow Jones Indices Reports U.S. Common Indicated Dividend Payments Increase $8.8 Billion in Q3 2023, as the ...",2023-10-04,4263.75
S&P 500 closes slightly lower as traders brace for Friday's big jobs report: Live updates,2023-10-04,4263.75
Seasonality and Historical Fourth Quarter Performance of U.S Equities: S&P 500 and NASDAQ 100,2023-10-06,4308.5
S&P 500 rallies as blowout jobs report showing easing wages fuel soft landing bets,2023-10-06,4308.5
JPMorgan’s Kolanovic: Stocks could fall 20%,2023-10-06,4308.5
"NASDAQ Index, Dow Jones, S&P 500 News: Geopolitical Tensions Tank Markets, Defense Stocks Soar",2023-10-09,4335.66
S&P 500 Faces Threat of Profit Warnings as Concerns About US Consumer Mount,2023-10-09,4335.66
U.S. stocks rise as Treasury yields fall on hopes of end to Fed rate hikes,2023-10-10,4358.24
"US CPI preview: Bond market and analyst expectations, S&P 500 reaction and more",2023-10-11,4376.95
"Nasdaq 100, Dow Jones, S&P 500 News: CPI Impact On Federal Reserve Policy Sets Tone",2023-10-12,4349.61
"Block’s stock could double, analyst says, as an exciting milestone may be in view",2023-10-12,4349.61
"NASDAQ Index, S&P 500, Dow Jones Forecasts: Geopolitical Strains Shake Top Indices",2023-10-13,4327.78
S&P 500 Gains and Losses Today: Index Declines Amid Concerns About Middle East Conflict,2023-10-13,4327.78
S&P 500 could avoid a shake up if bond yields remain under 5%: BofA,2023-10-13,4327.78
Wall Street Strategists Sound Alarm on Dimmer Profit Outlook,2023-10-16,4373.63
"Wall St jumps 1% to kick-start earnings and data-heavy week, megacaps rise",2023-10-16,4373.63
Lululemon To Join S&P 500; LULU Stock Surges Into Buy Zone,2023-10-16,4373.63
"Lululemon stock pops, set to join S&P 500",2023-10-16,4373.63
"Morgan Stanley says the average stock is breaking down, S&P 500 to fall to 3900 by year-end",2023-10-16,4373.63
"S&P 500 rally in Q4 ""more likely than not"" despite headwinds - Morgan Stanley",2023-10-16,4373.63
"S&P 500 falls as Nvidia slip, rising yields overshaddow quarterly earnings",2023-10-17,4373.2
"Stock Market Today: Dow, S&P Live Updates for October 18",2023-10-17,4373.2
Lululemon stock is joining the S&P 500,2023-10-18,4314.6
"S&P 500, NAS 100 Experience Choppy Price Action as Treasuries Rise, More Earnings Ahead",2023-10-18,4314.6
S&P 500 Price Forecast – Stock Market Looks Ready to Bounce,2023-10-19,4278.0
"Nasdaq Index, Dow Jones, S&P 500 News: Wall Street Cautious Amid Surging Yields, Middle East Tensions",2023-10-20,4224.16
S&P 500: Did Powell Just Spark a New Downtrend?,2023-10-20,4224.16
"S&P 500, Nasdaq Give Up Breakout Support; Russell 2000 Likely to Nosedive",2023-10-20,4224.16
Earnings set to decline YOY for most S&P 500 sectors,2023-10-20,4224.16
"Markets News, Oct. 23, 2023: Dow Falls Nearly 200 Points, Nasdaq Ekes Out Gains Ahead of Big Tech Earnings",2023-10-23,4217.04
"Markets Week Ahead: S&P 500, Gold, US Dollar; Powell, ECB, BoC, Australia CPI, Germany Ifo, UK jobs",2023-10-23,4217.04
"Nasdaq tumbles 1.7% Thursday, descending further into correction territory: Live updates",2023-10-25,4186.77
"S&P 500 (SPX), Dow Jones (DJI), Nasdaq Composite (IXIC) Daily Technical Outlook: Tech Woes Stir Markets, Industrial Average Teeters",2023-10-25,4186.77
The S&P 500 will rocket 18% by year-end as the economy stays strong and the Fed ends interest rate hikes ...,2023-10-27,4117.37
"Stock Market Today: Dow, S&P Live Updates for October 31",2023-10-30,4166.82
Profit Cuts Signal More Bad News for S&P 500 After October Slump,2023-10-30,4166.82
S&P 500 and Nasdaq enter correction territory; Tech giants see share rise amid market slump,2023-10-30,4166.82
"GBP/USD, S&P 500, gold, WTI analysis: Commitment of traders report (COT)",2023-10-30,4166.82
"Ford, BofA, Morgan Stanley Have All Plunged Over 20% Since End of July",2023-10-30,4166.82
"Nasdaq Index, Dow Jones, S&P 500 News: Fed, Jobs and Apple Earnings Shape This Week’s Market",2023-10-30,4166.82
"S&P 500 (SPX), Dow Jones (DJI), Nasdaq Composite (IXIC) Daily Technical Outlook: Earnings Surprises & Tech Trends Shape Today’s News",2023-10-31,4193.8
"Why so down, S&P 500?",2023-10-31,4193.8
S&P 500 climbs as focus shifts to Fed meeting,2023-10-31,4193.8
"Federal Reserve Rate Hike Odds Fall, S&P 500 Rises As Powell Talks 8% Mortgages",2023-11-01,4237.86
Dow records best three-day gain since April after Fed keeps interest rate steady,2023-11-01,4237.86
"Stock Market Today: Dow, S&P Live Updates for November 2",2023-11-01,4237.86
The S&P 500 is far from passive,2023-11-02,4317.78
S&P 500 और Nasdaq 100 में क्या होता है अंतर? आम निवेशक को इसके बारे में क्यों जानकारी होनी चाहिए,2023-11-02,4317.78
Stock market news today: Dow rises more than 500 points as investors bet on end to Fed hikes,2023-11-02,4317.78
The Dow soars more than 560 points as markets bet the Fed is done with rate hikes,2023-11-02,4317.78
"S&P 500 Earnings Season Update: November 3, 2023",2023-11-03,4358.34
"Stock Market Today: Dow, S&P Live Updates for November 7",2023-11-06,4365.98
"Nasdaq Index, Dow Jones, S&P 500 News: Investors Tread Carefully as Fed’s Kashkari Signals More Rate Hikes",2023-11-07,4378.38
US Bank Stocks Hit an All-Time Low Relative to S&P 500 Amid Bond Crash,2023-11-08,4382.78
"S&P 500, Nasdaq barely extend win streaks as investors eye yields, Fed comments",2023-11-08,4382.78
Speculators Signal Optimism on U.S. Stocks for First Time Since Mid-2022,2023-11-08,4382.78
"Stock Market Today: Dow, S&P Live Updates for November 9",2023-11-08,4382.78
Stock-market timers beware: Just 8 days account for all of the S&P 500’s 14% gain in 2023,2023-11-08,4382.78
"After a rally for the record books, the S&P 500 now is looking for direction.",2023-11-09,4347.35
"News updates from November 11: Moody's cuts US credit outlook cut to 'negative', Lagarde chucks hopes of early rate ...",2023-11-10,4415.24
"Stock Market Today: Dow, S&P Live Updates for November 14",2023-11-13,4411.55
Dow Jones adds to back-to-back weekly gains as inflation data looms,2023-11-13,4411.55
"Wall Street Celebrates Strong Inflation Report: Dow, S&P 500 Surge To 2-Month Highs",2023-11-14,4495.7
"Nasdaq Index, Dow Jones, S&P 500 News: US Stocks Surge on Optimism Over Cooling Inflation",2023-11-14,4495.7
"Nasdaq Index, Dow Jones, S&P 500 News: Wall Street Gains on Cooling Inflation, Strong Corporate Earnings",2023-11-15,4502.88
Here's Where Wall Street Says S&P 500 Will Head Next Year (Don't Expect Record Highs),2023-11-15,4502.88
"U.S. stocks open higher, building on best day for S&P 500 since April",2023-11-15,4502.88
Goldman sees S&P 500 rising to 4700 by year-end 2024,2023-11-15,4502.88
S&P 500 and Russell 1000 firms ramp up sustainability reporting,2023-11-16,4508.24
"S&P 500 Stalls Above 4,500 as Yield Curve Normalization Begins: Is the Rally Over?",2023-11-16,4508.24
Goldman Sachs forecasts emerging markets to outperform S&P 500 in 2024,2023-11-17,4514.02
"Nasdaq 100, Dow Jones, S&P 500 News: Wall Street Stocks Show Signs of Fatigue as Shares of Cisco Systems and W",2023-11-17,4514.02
"Wall Street barely gains as traders digest earlier gains, Fed comments",2023-11-17,4514.02
"Half Of S&P 500 Stocks Still Below 200-Day Average, Ignoring Covid-Like Rally: 10 Bargain Plays For Latecomer Bulls",2023-11-21,4538.19
S&P 500 Price Forecast – Stock Markets Deal With Overextended Moves,2023-11-21,4538.19
"S&P 500 Rallies as Fed Minutes, Nvidia Earnings Loom: What to Expect Next",2023-11-21,4538.19
Here's the Best (and the Worst) Performing S&P 500 Stocks in 2023. Time to Buy or Sell?,2023-11-21,4538.19
History Says Stocks See Double-Digit Growth After Rates Peak,2023-11-22,4556.62
12 Best Stocks In Each Sector,2023-11-24,4559.34
Deutsche Bank sees 12% upside to S&P 500 through 2024-end,2023-11-27,4550.43
"Why these strategists see the S&P 500 falling all the way down to 3,100 in 2024",2023-11-28,4554.89
S&P 500 Gains and Losses Today: Newmont and Boeing Up; Micron and Disney Down,2023-11-28,4554.89
"Sharp US Stock Rally Is Running Out of Steam, Citi Strategists Say",2023-11-28,4554.89
"S&P 500 Uptrend Under Threat Ahead of Key Data, Powell Speech",2023-11-28,4554.89
"Stock Market Today: Dow, S&P Live Updates for November 29",2023-11-28,4554.89
"Stock-Market Outlook: S&P 500 Set for Record High in 2024, BofA Says",2023-11-29,4550.58
S&P 500 Price Forecast – Stock Market Continues to Ignore Gravity,2023-11-29,4550.58
JPMorgan sees 8% downside risk for S&P 500 next year By Investing.com,2023-11-30,4567.8
These Stocks Were Left Behind In November's Historic Rally,2023-11-30,4567.8
"Nasdaq Index, Dow Jones, S&P 500 News: US Stock Futures Surge on Inflation Data",2023-11-30,4567.8
JPMorgan Issues Wall Street's Lowest S&P 500 Price Target for 2024,2023-12-01,4594.63
Uber shares pop on inclusion in S&P 500,2023-12-01,4594.63
S&P 500 rises on Friday to close at 2023 high: Live updates,2023-12-01,4594.63
Uber set to join the S&P 500 index in latest sign of a turnaround for the ride-hailing service,2023-12-04,4569.78
Stock Market Outlook: S&P 500 Hits Obstacle That Could Make or Break Rally,2023-12-04,4569.78
Dow Jones posts back-to-back losses after U.S. job openings fall to 28-month low,2023-12-05,4567.18
2023 Climate Disclosures in the Russell 3000 and S&P 500,2023-12-05,4567.18
"S&P 500 Eases After Promising Gap Higher at the Open, Yields Hit 3-Month Low",2023-12-07,4585.59
"Nasdaq posts 1.4% gain on renewed AI optimism, S&P 500 and Dow snap 3-day drop ahead of Friday's jobs report",2023-12-07,4585.59
13 Best S&P 500 Dividend Stocks To Buy,2023-12-07,4585.59
"News updates from December 8: US adds 199,000 jobs in November, UK competition watchdog examining Microsoft ...",2023-12-08,4604.37
Will the S&P 500 (SPX) Rise in 2024? 3 Historical Indicators Say “Yes”,2023-12-11,4622.44
"Nasdaq Index, Dow Jones, S&P 500 News: Market Eyes Fed Policy Amid Steady Inflation Indicators",2023-12-13,4707.09
S&P 500 is stretched but sell signals are nowhere in sight,2023-12-14,4719.55
The S&P 500 Just Did Something It Has Only Done 30 Times Since 1950. History Says the Stock Market Will Do This Next,2023-12-14,4719.55
S&P 500 CY 2023 Earnings Preview: Less Than 1% Growth Expected,2023-12-18,4740.56
S&P 500: 60% of Stocks Above 20-Day Highs Could Hint at Double-Digit Returns Ahead,2023-12-18,4740.56
Could the S&P 500 fly as high as 5500 in 2024?,2023-12-18,4740.56
S&P 500 climbs as rally broadens to close gap on record high,2023-12-19,4768.37
Fund managers most upbeat on stock market since January 2022 as S&P 500 nears record,2023-12-19,4768.37
Wall Street tumbles to sharply lower close as abrupt sell-off snaps rally,2023-12-20,4698.35
"News updates from December 20: S&P 500 falls the most in three months, Toshiba delists and enters private hands",2023-12-20,4698.35
'Bull trap': UBS analysts see S&P 500 falling to as low as 4100 in 1H24 By Investing.com,2023-12-21,4746.75
2 Top S&P 500 Stocks to Buy on the Dip for Big 2024 Gains,2023-12-22,4754.63
How does the US market influence the Indian stock market? | Mint,2023-12-26,4774.75
Why Intel's stock has nearly tripled S&P 500's gain in December,2023-12-27,4781.58
3 Insurance Stocks That Have Outperformed the S&P 500 YTD,2023-12-28,4783.35
Stocks fool nearly everyone in 2023 with the S&P soaring 24% and Nasdaq rising an even more formidable 43%,2023-12-29,4769.83
S&P 500 Biggest Gainers and Losers of 2023,2023-12-29,4769.83
The yearly S&P 500 chart paints a compelling picture,2023-12-29,4769.83
Stock Market Gains Could Be Supercharged in 2024 If 'January Trifecta',2024-01-02,4742.83
"S&P 500 closes lower to begin 2024, Nasdaq notches worst day since October: Live updates",2024-01-02,4742.83
Wall Street bull warns of pause in rally but sees S&P 500 grinding higher in 2024,2024-01-02,4742.83
Wall Street bull: Oppenheimer's John Stoltzfus on why the S&P 500 will hit 5200 by year-end,2024-01-04,4688.68
Stocks are off to a bumpy start in 2024. Here are the challenges ahead,2024-01-04,4688.68
US stocks end nine-week bull run to start year with sell-off,2024-01-05,4697.24
"Nasdaq ends higher as yields fall, Boeing curbs gains on Dow",2024-01-08,4763.54
Equal-weight S&P 500 ETFs: 'Magnificent seven' beaters?,2024-01-08,4763.54
S&P 500 Gains and Losses Today: Nvidia Reaches Record High After Unveiling New GPUs,2024-01-08,4763.54
UBS joins Wall Street strategists calling for new S&P 500 record in 2024,2024-01-08,4763.54
The Stock Market Could Soar 30% in 2024: 2 Magnificent Growth Stocks to Buy Hand Over Fist Before That Happens,2024-01-09,4756.5
10 Companies Expected To Post Blowout Profit Any Day Now,2024-01-09,4756.5
S&P 500 Gains and Losses Today: Juniper Networks Soars Amid Acquisition Talks,2024-01-09,4756.5
"S&P 500 to Jump 10% to Record High, Rates Crashing Can Be Bad: Siegel",2024-01-09,4756.5
"Buying the S&P 500 Now Is a 'Lousy Trade,' Recession Looming: Gundlach",2024-01-10,4783.45
"Stock Market Today: Dow, S&P Live Updates for January 11",2024-01-10,4783.45
"Dow up 171 points, S&P 500 closes shy of record high ahead of inflation report",2024-01-10,4783.45
"Stock Market Today: Dow slips while stocks end mostly higher after PPI reading, earnings",2024-01-12,4783.83
CEO Jobs at S&P 500 Companies Increasingly Go to Finance Chiefs,2024-01-16,4765.98
"News updates from January 19: S&P 500 closes at record high, Ford cuts production of electric truck",2024-01-19,4839.81
Wall Street limps to all-time high as 'sugar rush' fades,2024-01-19,4839.81
"S&P 500 Earnings Season Update: January 19, 2024",2024-01-19,4839.81
S&P 500 confirms bull market with record close,2024-01-19,4839.81
S&P 500 notches first record high in two years in tech-driven run,2024-01-19,4839.81
Dow Jones Futures Rise With S&P 500 At Record Highs; Tesla Bull Cuts Price Target,2024-01-22,4850.43
"Stocks open higher, S&P 500 on track for another record close",2024-01-22,4850.43
"World markets today: US stocks gain, S&P 500 hits record high | Mint",2024-01-22,4850.43
"After S&P 500's record high, AI optimism could continue to strengthen stocks, UBS says",2024-01-22,4850.43
The gulf between winners and losers could mean problems for the S&P 500,2024-01-22,4850.43
Stock Market Today: S&P 500 ekes out win to extend record run amid Netflix surge,2024-01-23,4864.6
Tech gains push S&P 500 to another record high this week,2024-01-24,4868.55
"US Stock Market: Nasdaq, S&P 500 Up, But Dow Jones In Red | Here's Why",2024-01-25,4894.16
S&P 500 Executives Back Off 'ESG' Reports in Earnings Calls,2024-01-26,4890.97
"S&P 500 Dividend Aristocrats: Who's Out, Who's In",2024-01-26,4890.97
The S&P 500 Just Did Something It Hasn't Done in 2 Years. History Says the Stock Market Could Do This Next,2024-01-30,4924.97
Fed Chair Powell Won't Do The S&P 500 Any Favors,2024-01-31,4845.65
This Stock Turned $10000 Into $12614 In Just One Month,2024-01-31,4845.65
"S&P 500 falls most in five months, Nasdaq slumps 2% post Fed decision",2024-02-01,4906.19
CME Group to Launch E-mini S&P 500 Equal Weight Futures on February 26,2024-02-01,4906.19
"Stock market today: S&P 500 hits record high after jobs report, tech earnings thrill investors",2024-02-02,4958.61
Tesla is one of the most oversold stocks in the S&P 500 and could be due for a bounce,2024-02-02,4958.61
The Federal Reserve Just Tightened — Stealthily. The S&P 500 Faces A Bumpy Road.,2024-02-07,4995.06
"S&P 500 Hits 5000 Milestone, Yet Concerns Of Overvaluation Versus Its Equal-Weight Counterpart Mount",2024-02-08,4997.91
S&P 500 reaches 5000 to mark record for US stocks,2024-02-08,4997.91
Megacaps rally pushes S&P 500 to first close above 5000 milestone,2024-02-09,5026.61
S&P 500 (SPX) Is on Track to Close Above 5000 For First Time Ever,2024-02-09,5026.61
Digging Into The Big Tech Rally.,2024-02-09,5026.61
"Stock market today: Wall Street holds near record levels, with S&P 500 on precipice of 5,000",2024-02-09,5026.61
The S&P 500 closes at a new record at 5000,2024-02-09,5026.61
"S&P 500 hits 5,000 for the first time on strong earnings; Nikkei at 34-year high",2024-02-09,5026.61
"S&P 500 ends just shy of 5,000 mark after touching milestone",2024-02-09,5026.61
"US S&P500 closes above psychological mark of 5,000",2024-02-12,5021.84
Analyst who forecast the S&P 500's rally unveils new Nasdaq 100 outlook,2024-02-12,5021.84
Stock Market Outlook: S&P 500's Ridiculous Winning Streak May Soon End,2024-02-12,5021.84
"Stocks Flash Sell Sign After S&P Tops 5000, Piper Sandler Says",2024-02-12,5021.84
"Nasdaq slips from near all-time high, Dow up modestly ahead of inflation data",2024-02-12,5021.84
5 Must-Buy S&P 500 Stocks as Index Crosses Key Milestone,2024-02-12,5021.84
S&P 500: Investors Ignore Screaming Alarm Saying Stocks Overvalued,2024-02-12,5021.84
"Dow, S&P 500, Nasdaq tumble after disappointing inflation report",2024-02-13,4953.17
Stock momentum slams into a wall in S&P 500’s worst CPI day in years,2024-02-14,5000.62
"Rising Vix likely portends more losses ahead for stocks, history shows",2024-02-14,5000.62
"AI mentions rise in S&P 500 earnings calls, Goldman says",2024-02-15,5029.73
Stocks set another record as S&P 500 closes at all-time high of 5029.73,2024-02-15,5029.73
"Nvidia is expected to be the best performer in the S&P 500 through 2025, by this measure",2024-02-15,5029.73
"Nasdaq, S&P 500, Dow: Retail Sales Slide & Manufacturing Bounces",2024-02-15,5029.73
"Stocks end lower as Dow, S&P 500 and Nasdaq snap five straight weeks of gains",2024-02-16,5005.57
Goldman Sachs raises S&P 500 price target on earnings strength By Investing.com,2024-02-16,5005.57
Wall Street thinks stocks have room to run even higher than originally thought,2024-02-20,4975.51
UBS Ratchets Up S&P 500 Outlook to Most Bullish on Wall Street,2024-02-20,4975.51
"UBS hikes its S&P 500 target to 5400, highest on Wall Street",2024-02-20,4975.51
AI-darling Nvidia's bumper results push S&P 500 to record high,2024-02-22,5087.03
"World markets today: US stocks surge on robust Nvidia results, S&P 500 up 1.31%, Nasdaq climbs 2.13% | Mint",2024-02-22,5087.03
These stocks are bargains even as the S&P 500 rallies to record highs,2024-02-23,5088.8
"Nvidia shares surge 15%, set off rally on Wall Street",2024-02-23,5088.8
SPDR S&P 500 ETF tops record $500 bln in assets as Nvidia soars,2024-02-23,5088.8
U.S. stocks end mostly up as Dow and S&P 500 score fresh record highs,2024-02-23,5088.8
S&P 500 Gains and Losses Today: Dominion Energy Boosted by Wind Project Partnership,2024-02-23,5088.8
S&P 500 Price Forecast – S&P 500 Looks For Direction,2024-02-26,5069.53
Invest in the S&P 500 From Australia – Forbes Advisor Australia,2024-02-26,5069.53
"Nasdaq Index, Dow Jones, S&P 500 News: Futures Dip Amid Record Highs, Inflation Data Anticipation",2024-02-26,5069.53
"Markets News, Feb. 27, 2024: Nasdaq, S&P 500 Advance as Dow Slips; Bitcoin Soars Above $57K",2024-02-27,5078.18
S&P Launches Biodiversity-Focused Versions of S&P 500 and Global LargeMidCap Indices,2024-02-27,5078.18
Stock Market Today: S&P 500 slips as tech struggles ahead of key inflation data By Investing.com,2024-02-27,5078.18
"Markets News, Feb. 28, 2024: Nasdaq Slides; Bitcoin Briefly Tops $63K",2024-02-28,5069.76
"The S&P 500's valuation is in the 95th percentile vs. history, but Bank of America says investors shouldn't worry",2024-02-28,5069.76
S&P 500 Notches Best February In 9 Years,2024-02-29,5096.27
"S&P 500: 2 Stocks Turn $10,000 Into $17,214 In 2 Months",2024-02-29,5096.27
Stock Market Today: S&P 500 in record close as Nvidia-fueled tech rally continues,2024-02-29,5096.27
"Nasdaq Index, Dow Jones, S&P 500 News: Mixed Earnings Impacting Ahead of PCE Report",2024-02-29,5096.27
Stock Market Today: S&P 500 in record close as Nvidia-fueled tech rally continues,2024-03-01,5137.08
S&P 500 and Nasdaq 100 Roar to Record Highs on Tech Strength,2024-03-01,5137.08
"S&P 500, Nasdaq close at fresh records on AI boost, easing yields",2024-03-01,5137.08
Wall St dips after record-breaking rally; economic data on tap,2024-03-04,5130.95
"Bank of America boosts S&P 500 target to 5,400. Here’s how it got there.",2024-03-04,5130.95
Super Micro to be added to S&P 500; Is there more upside room?,2024-03-04,5130.95
"Big Tech-Led Rally Is Unlike Past Bubbles, Goldman Strategists Say",2024-03-04,5130.95
